buck_id,discord_id,display_name,name_num,last_seen_timestamp,last_attended_timestamp,added_to_mailinglist,student,alum,employee,faculty
509792668,1730552910732514893,Yalonda Meyer,meyer.2835,1676171272,1710853258000,0,1,0,0,1
503445094,6786052979559266965,Mayne Rickson,rickson.100,1693954978,1715035304000,0,0,0,1,0
565643931,NULL,Lewes Pesterfield,pesterfield.4791,1702440769,1719648325000,0,0,0,0,1
579471645,3144398305059072947,Giorgi Polo,polo.219,1638441165,1720020396000,0,0,0,1,1
546129846,8539863129616300660,Innis Casarini,casarini.3020,1676488358,1699772768000,1,0,1,0,1
592404112,8913090151911989006,Tammi Haton,haton.859,1659718857,NULL,0,0,1,1,1
509246584,NULL,Eldridge Belding,belding.966,1667718040,1700151827000,0,0,0,1,1
593079378,3004102743606365984,Nelson Rentoul,rentoul.4090,1642922071,NULL,0,1,1,0,1
515346428,NULL,Cece Downing,downing.1426,1687671003,1713685766000,1,1,1,1,0
536624354,NULL,Odelinda Antonin,antonin.305,1687762296,1702103153000,1,0,0,1,0
511403034,NULL,Ely Draaisma,draaisma.4505,1678705916,1726147774000,0,0,0,0,0
511392830,4436185065806587195,Katy Hardeman,hardeman.640,1658251804,1711277904000,0,1,0,0,1
550657435,4913049161391607480,Robinetta Abbet,abbet.1878,1705636743,1708426286000,1,1,1,1,1
525795909,NULL,Koenraad Wratten,wratten.3217,1655969492,NULL,1,1,0,0,0
544923663,NULL,Cyb Orknay,orknay.603,1722311774,1727213867000,1,1,1,1,0
579700251,7431565274244905304,Billie Philippsohn,philippsohn.604,1686842545,1723251094000,0,1,1,0,1
523413597,NULL,Britta Counter,counter.4506,1699102166,NULL,1,0,0,0,0
559988575,2500753561398710445,Grete Rice,rice.368,1726537561,NULL,1,1,1,1,1
574897713,NULL,Maryjo Stillwell,stillwell.4123,1642991091,NULL,0,1,1,0,0
575316307,2676518863497663140,Mordy Colebourn,colebourn.4099,1686780611,1719642773000,0,0,1,1,1
506742832,NULL,Corine Guyonnet,guyonnet.2556,1707023836,1722951316000,0,0,1,1,1
592241106,NULL,Perceval Cammoile,cammoile.4395,1676757499,NULL,1,0,0,0,1
545492922,NULL,Renae Trudgion,trudgion.935,1675403496,1705807272000,1,0,1,0,1
560463170,4291534440260313804,Eveline Albisser,albisser.4211,1659842141,NULL,1,0,0,0,0
522146480,NULL,Papagena Asman,asman.4946,1687224664,1720094547000,0,1,0,0,1
596321913,4233917326094592278,Sheffie Ellerby,ellerby.401,1688634808,1719763253000,0,0,0,1,0
531499183,NULL,Terri Emes,emes.3955,1693393793,1711900208000,1,0,1,1,0
593222369,8798245697126666407,Cosme Gipps,gipps.3508,1666068419,NULL,1,0,0,0,1
533442843,NULL,Wilfrid Parkhouse,parkhouse.3274,1640572415,1719963458000,1,0,1,0,0
553337923,7689817147133651458,Lianna Thompkins,thompkins.1934,1678869759,1718713297000,0,1,0,1,1
515858957,5447581027789548011,Nancy Shovelin,shovelin.3257,1643434787,1712732139000,0,1,0,1,0
562567202,NULL,Kasey Wickersham,wickersham.4035,1720352141,1725887988000,1,1,1,1,0
590993214,NULL,Carlotta Rossander,rossander.1034,1716859927,1703279035000,0,0,0,0,1
580449293,4847995774678797507,Hurley Bourgour,bourgour.3901,1688053725,1722158580000,1,1,1,0,1
568089607,NULL,Wenda Mixture,mixture.2951,1687855534,1700329956000,0,1,1,0,0
550532547,NULL,Candie Jiru,jiru.2688,1687579521,1714178619000,1,1,0,0,0
506210656,8977763106773081542,Ivar Minihane,minihane.713,1728244583,1728679035000,1,0,1,0,0
520788185,2193268257075255585,Vivia Trickey,trickey.4631,1701179514,1702587200000,0,0,1,0,0
512230818,7089129746383057679,Tommie Yorston,yorston.4315,1707777228,1721485648000,1,0,0,1,0
582155163,NULL,Vance Snape,snape.2085,1676587184,1716192760000,0,1,1,1,1
568074785,1651461699735693728,Brittani Figg,figg.3538,1666458094,1706003855000,0,0,1,0,1
587600144,NULL,Delano Plumtree,plumtree.1016,1700601480,1723817020000,1,1,0,1,0
540523696,NULL,Titos Cuskery,cuskery.918,1701225775,1719917788000,1,1,1,1,0
573005250,2262417693889652815,Bettina Cady,cady.2802,1671774534,NULL,0,1,0,0,0
546110017,4774998683428668945,Had Domnick,domnick.4691,1716286323,1719173695000,1,1,0,1,1
529595616,NULL,Elyssa Gillyett,gillyett.3525,1717790790,1707860948000,1,1,0,1,1
533888032,NULL,Lauree Aizikowitz,aizikowitz.2441,1686600524,1716845437000,1,0,0,0,1
510561041,NULL,Bel Bunyan,bunyan.1459,1705655960,1722006882000,1,1,1,1,0
522306013,4436541439800975071,Marlane Hulme,hulme.2837,1673621021,1713776917000,0,1,1,1,1
591810823,NULL,Rolfe Ayer,ayer.1512,1646497380,NULL,0,0,1,1,1
595507698,6632978012729864337,Allayne Dugan,dugan.1250,1723605425,1718495451000,1,1,1,0,1
535826857,8279231161311394318,Ryann Creebo,creebo.3393,1721712341,1729291406000,0,1,1,0,0
595290328,2405245012644365896,Stanislas Bestwall,bestwall.2157,1729373438,1725937733000,1,1,1,1,0
523517809,NULL,Carling Campey,campey.2643,1653357303,1723562679000,1,1,1,0,1
500401982,NULL,Yvor Biasioli,biasioli.4103,1725667899,1701611840000,0,0,1,0,1
539324744,5526680494383235882,Minni Oades,oades.3988,1665108008,1719125803000,0,0,0,0,0
591488520,2158316546149793183,Wilbert Kopisch,kopisch.592,1703605003,1726762959000,1,0,1,1,0
592843587,8647239494134967110,Almeta Landeaux,landeaux.2058,1637582036,NULL,1,0,1,0,0
523559782,NULL,Madelene Coulthard,coulthard.481,1685772073,1723194682000,0,0,0,0,0
587426708,NULL,Meredeth Sher,sher.1242,1710392957,1705702529000,1,0,0,1,1
549174845,6844506244534551080,Dorian Villaret,villaret.1791,1687329251,1724882562000,0,0,0,1,1
565593687,NULL,Gilles Oldroyde,oldroyde.4672,1728065838,1700905324000,0,0,1,0,0
562170975,NULL,Nanine Dalgarnowch,dalgarnowch.4003,1712880886,1710114991000,0,0,0,1,0
585280392,7470395746670705606,Annabell McCard,mccard.2904,1672150520,1716695869000,0,0,0,0,1
534675241,4025348733108876305,Dell Shutle,shutle.3345,1714097362,1724537763000,1,0,1,0,1
540035581,NULL,Maible Bibbie,bibbie.2881,1702804873,1708095327000,1,1,0,0,1
530828110,NULL,Ric Unitt,unitt.2457,1661720547,1719653991000,0,1,1,1,0
536955014,NULL,Tiertza Beckensall,beckensall.4548,1702523237,NULL,1,0,0,0,0
577260415,7628522605182219062,Lanny Funnell,funnell.4312,1693759890,1705717817000,0,0,0,0,0
581162540,2359566995221747380,Kaile Mancer,mancer.464,1674774995,1725112041000,0,0,0,0,0
563522448,4713269796520027778,Colet Humpherson,humpherson.2478,1670320923,NULL,1,0,1,0,1
572523290,8802389883816924878,Audy Dakhov,dakhov.339,1713024325,1729874659000,1,0,0,1,1
554931570,NULL,Stefanie Liddington,liddington.2652,1668172272,1700445690000,0,0,0,0,1
503678900,1269640274664247400,Jessa Braybrooke,braybrooke.4008,1653646418,1706033781000,1,1,0,1,1
560479830,8369800820761251250,Clary Ogles,ogles.376,1644179142,1730055681000,0,1,0,1,0
562612184,8902927583887367511,Clemmie Huggon,huggon.1269,1714575807,1701317338000,1,0,0,1,1
534826570,6434660212872702830,Dill Atwel,atwel.2784,1724942904,NULL,1,0,1,0,0
500026781,NULL,Marieann Oldaker,oldaker.1457,1648336377,1700984733000,0,1,0,0,1
562366122,8755527571167728227,Rudyard todor,todor.4406,1712442973,1717293337000,0,1,1,0,1
535720229,2167616965878362030,Derril Mustarde,mustarde.4815,1652165876,1704986202000,0,0,0,1,0
524601849,1368680066268483952,Morry Shone,shone.461,1692373789,1722837192000,1,0,0,1,0
585573841,NULL,Tara Broyd,broyd.3697,1692070078,1712208084000,1,1,0,1,1
500053189,NULL,Alphonso Dungate,dungate.2037,1671191458,NULL,1,1,0,1,0
566589765,NULL,Elena Constantine,constantine.4029,1660278638,NULL,1,0,1,1,0
565062354,NULL,Araldo Dashkovich,dashkovich.2257,1647607088,1728654542000,0,1,0,0,1
535722456,NULL,Jordan Instrell,instrell.4122,1694928983,1727078623000,1,1,0,0,0
559659332,4682520719355040247,Jennine Tumilty,tumilty.447,1704204310,1713547333000,0,1,0,0,1
564499304,2106291737228038791,Ginger Rozenbaum,rozenbaum.2050,1652457942,NULL,0,1,0,0,1
567525138,NULL,Phyllida Swainger,swainger.1203,1658153344,1703164824000,1,0,0,1,1
581770639,NULL,Orion Rigney,rigney.4722,1716798902,NULL,0,0,1,1,0
580769446,2667532470755693864,Nara Wenderott,wenderott.1271,1650349330,1714212192000,0,0,0,0,1
521322349,1517223507637144529,Vincent Canter,canter.2387,1709167068,1699972203000,0,0,0,0,0
557525265,NULL,Goldarina Wevell,wevell.2257,1704060836,1703786069000,1,0,1,0,0
574783717,6194751948489936674,Seline De Bernardi,bernardi.601,1711524336,1706996303000,0,0,1,0,1
578271309,NULL,Consalve Woodus,woodus.606,1703198977,1716431685000,1,1,0,1,1
571509525,8901835078473735293,Belva Figure,figure.4812,1685418962,1722666778000,0,1,1,0,0
528362992,NULL,Pat Peotz,peotz.1304,1648759517,1728677906000,0,0,1,1,1
552644243,NULL,Karlyn Thunders,thunders.1459,1651065787,1711837646000,1,1,0,1,1
582069571,8767017376305340836,Idalina Denidge,denidge.4655,1685110161,1717925941000,1,1,0,1,0
582020973,NULL,Oliy Piggens,piggens.4108,1706029949,1699939315000,0,0,1,0,1
587574849,NULL,Noella Crothers,crothers.3270,1713016439,1710879147000,0,0,0,1,1
527081224,NULL,Eb Went,went.2368,1683215175,NULL,1,0,1,0,1
573901222,8363024800480999930,Kelby Deamer,deamer.714,1719142041,NULL,1,0,0,0,1
502479201,2986111604538798618,Connor Beggs,beggs.4652,1639532586,1709044649000,0,0,1,0,0
598279530,NULL,Blinni Kitchingham,kitchingham.2655,1700237206,1725990776000,0,1,0,1,0
591574554,NULL,Hymie Beynke,beynke.4931,1713563992,1700083344000,0,0,0,0,0
536062358,2302844414369556992,Nelli De Ortega,ortega.2326,1704445992,1712270714000,1,1,0,1,1
520891986,8923664753348470369,Batholomew Meininking,meininking.4819,1728210410,NULL,0,1,1,1,0
579378051,4809086687813976192,Thia Colam,colam.643,1646121702,1708843483000,1,1,0,0,0
584103293,4725911048757484862,Lexis Wattinham,wattinham.2839,1711121277,1710736161000,0,0,0,1,0
502818013,NULL,Lucretia Ortelt,ortelt.3002,1675084839,1717108260000,1,1,1,1,0
533973019,NULL,Jephthah Priestman,priestman.321,1716493733,1727146569000,1,1,0,0,1
591421066,NULL,Jarib Breazeall,breazeall.4482,1684553204,NULL,1,1,0,1,1
564035723,7742582358986366049,Barnard Brisseau,brisseau.692,1714892550,1729910022000,1,1,0,1,0
588537284,NULL,Gayler Hamlett,hamlett.4779,1707507526,1725920996000,0,1,0,1,1
580160544,NULL,Wilt Cota,cota.3376,1707758044,1711959451000,0,0,1,0,0
588336758,1583245607984753503,Cassaundra Reagan,reagan.1665,1643700938,1728946750000,0,1,1,0,1
560486611,NULL,Iorgos Scarrott,scarrott.2621,1685173957,1712080598000,0,1,0,1,0
524341172,6298262167868993459,Levi Ruckert,ruckert.2058,1720520175,1712826981000,0,0,1,0,1
574735997,NULL,Libbi Liddington,liddington.2806,1688893850,1724757747000,1,1,0,1,0
545165920,8066176666115622732,Alisa Kordas,kordas.3841,1726731580,1705836999000,1,1,1,0,1
576487622,3596101379313346567,Maggy Havvock,havvock.1629,1651962347,1728112932000,0,0,0,0,0
589524142,7925776740209354611,Nita Demke,demke.4354,1658679629,1729300664000,0,1,1,1,1
502299796,NULL,Rozamond Lendrem,lendrem.8,1638955336,1714012818000,0,1,1,1,1
583763672,4700053985364488200,Sayers McEneny,mceneny.2818,1643191257,1726734530000,1,1,0,0,0
556967501,NULL,Eugine Baltzar,baltzar.3297,1665557338,1723869840000,1,1,1,0,1
584405562,2086492210463742854,Rene Shilstone,shilstone.1826,1672609674,NULL,0,1,0,0,1
599065249,6897988519559347613,Bette Innocenti,innocenti.3911,1699000329,1725758503000,0,1,1,0,1
590853420,NULL,Benn Keddy,keddy.185,1663750190,1714971171000,1,1,1,0,0
573986291,NULL,Liesa Dupre,dupre.1360,1718414778,1707981199000,0,1,0,0,0
537879160,NULL,Martina Ewell,ewell.4835,1719102725,1722134458000,0,1,0,1,0
563055162,8433695262496537889,Theodosia Shay,shay.4021,1697149187,1703716061000,0,1,0,0,1
536845749,NULL,Audra McTrustey,mctrustey.3614,1670039189,NULL,0,0,1,1,0
511599333,NULL,Raffaello Edmondson,edmondson.439,1662840199,1710779739000,0,1,0,0,0
571112943,NULL,Hunt Aleksich,aleksich.301,1670136338,1705559062000,0,1,1,1,1
571530756,7508188224331553558,Tommi Sugarman,sugarman.280,1697422938,1725365077000,1,1,1,1,1
534459658,NULL,Valerie Twitchett,twitchett.2161,1707920220,1702969251000,0,0,0,0,1
592958322,6366380576365438319,Alexander Garioch,garioch.4273,1721383908,1703325778000,0,1,0,1,0
574051424,5384259845358607142,Zechariah Semmens,semmens.4893,1645895265,1718846586000,0,0,1,1,0
587878972,NULL,Reese Moutray Read,read.4552,1660968894,1708306959000,1,0,1,1,0
547155442,6122762555180158745,Shayla Kik,kik.3731,1704941959,1718837010000,1,1,0,1,1
560726075,7598378661432989768,Heywood Costerd,costerd.4501,1663545594,1716642904000,1,1,0,1,1
557684122,7676011105519335894,Karoly Gecke,gecke.545,1654731876,1718962772000,0,0,1,0,0
567093722,4618710370429534436,Karoly Loude,loude.4781,1676932680,NULL,0,1,1,1,1
553147887,NULL,Findley Marshall,marshall.280,1715805330,1729648196000,0,1,0,1,0
592554827,6489290742868380027,Frankie Castille,castille.2320,1723532315,1714753375000,0,1,0,0,1
569246505,8422936749282308892,Silvano Warrington,warrington.1145,1679937919,1722638828000,0,1,1,0,1
555170451,8991441360371460778,Emory Amori,amori.1513,1674531742,1706164124000,0,0,0,0,0
514818780,5852965110507375880,Debera Bealing,bealing.3145,1727066425,1730015388000,0,0,1,1,0
590511286,NULL,Jade Baukham,baukham.2730,1725667024,1703021837000,0,1,1,1,0
506963742,8685774102667278234,Chad Allom,allom.3866,1676563691,1713873448000,0,0,0,1,0
515265624,NULL,Lucas Meehan,meehan.3593,1710090295,1711957962000,1,0,1,1,1
566735356,5057340356497373169,Edgar Shearsby,shearsby.2654,1663645445,1713658814000,1,1,1,0,1
544269672,NULL,Ryun Franck,franck.3776,1687271644,NULL,0,0,1,1,0
571381060,8387923106481534852,Shannon Digges,digges.2059,1718717039,1720189319000,0,1,1,0,0
509099946,7062995911467168324,Marcile Beall,beall.3662,1716870078,1725406511000,0,0,1,1,0
568829492,8751985022972320404,Halie Bartolic,bartolic.207,1690891545,1725990251000,1,0,0,1,0
557816858,6053272656359140920,Nedda Bruneau,bruneau.4867,1664173768,1710680189000,0,0,0,1,0
559654390,3149456910401312749,Vasily Dewbury,dewbury.1177,1697105490,1700673510000,0,1,0,0,0
566996909,NULL,Jere Weth,weth.623,1674799169,1704354687000,1,1,0,0,1
586079509,NULL,Bert Ringham,ringham.1145,1683121413,1713895654000,0,0,0,0,1
597142756,8022442420169545177,Charleen Waddell,waddell.2270,1693821620,1720891002000,0,1,1,1,0
558443430,5658327300772963913,Dominik Semiras,semiras.747,1702040213,1729015933000,0,1,0,0,1
548089055,1398728525023658686,Orville Burnel,burnel.1080,1662852882,1723721444000,1,0,1,0,0
521052440,1679063648432083389,Veronika Carlos,carlos.3885,1725185326,1703041832000,0,0,0,0,0
525344109,NULL,Ruth de Merida,merida.3862,1667842483,1708181421000,1,1,1,0,0
529371481,NULL,Augy Mustchin,mustchin.3169,1730414113,1712893597000,0,1,0,1,0
597624393,5537067362446398925,Benito McAlarney,mcalarney.1893,1669637435,1710372434000,0,1,1,0,0
519981874,4129855194618355939,Rosalind Ream,ream.346,1729091836,NULL,0,1,0,1,1
541654424,NULL,Cyrill Prosek,prosek.3142,1660566779,1722834051000,0,1,0,0,1
589609670,8641287187281658896,Franzen Broe,broe.2782,1656280697,NULL,1,1,1,1,0
513438201,2048808927587155387,Janina Songhurst,songhurst.4055,1657171428,1707096220000,0,1,1,1,1
566541838,NULL,Andreas Van Hault,hault.2917,1685743473,1706477669000,0,0,0,0,1
594167731,NULL,Brenna Pinchen,pinchen.4899,1649822826,1706495408000,1,1,0,0,1
568696752,1367343646003384000,Jethro Trevers,trevers.3597,1729750397,1702316638000,0,0,0,0,1
512771178,8038516425859033591,Daniella Deroche,deroche.1815,1645720184,NULL,0,1,0,0,1
541500573,NULL,Mahalia Abrey,abrey.682,1695407001,1716164001000,1,1,0,0,0
547411060,8500759521144969858,Chas Thorowgood,thorowgood.4176,1640596718,NULL,0,1,1,0,0
542821333,NULL,Flss Gulley,gulley.2683,1678617723,1722927735000,1,1,1,1,0
537575727,NULL,Lori Burthom,burthom.3457,1643624046,1717687740000,1,1,0,0,1
508860633,3290615422497843567,Lydia Iorillo,iorillo.1541,1647742298,1705070936000,1,0,0,0,1
598217308,NULL,Myron Gossling,gossling.2005,1702835194,1700903669000,0,1,0,1,0
527427687,NULL,Sophey Boncore,boncore.3098,1691838642,1706194360000,0,1,1,1,1
517446065,7932307260932940036,Felita Grimm,grimm.3672,1693416336,NULL,0,1,0,1,0
536323370,NULL,Tammie Divver,divver.42,1689276475,1726117110000,1,0,0,1,0
578789119,8691974181372098859,Chaddy Trenam,trenam.948,1637494181,1717054408000,1,0,1,1,0
539056473,NULL,Codie Spatari,spatari.4605,1716813439,1716071263000,1,1,1,0,1
578504824,7528739056471747565,Bettina Klimowski,klimowski.3030,1719391012,1707593354000,0,0,0,0,0
598012327,NULL,Annora Stovold,stovold.1325,1682960146,NULL,1,1,0,1,0
597725323,NULL,Letitia Jorge,jorge.4163,1696597261,1725281208000,1,1,1,0,0
564016576,8928831013268374396,Rochell Weatherley,weatherley.2465,1637008710,NULL,0,1,1,1,1
576139954,7399439129112800742,Harri Dello,dello.1095,1722632304,1712676167000,1,1,1,1,1
534089712,6869430486522904807,Margi Plitz,plitz.4804,1668431815,1703728371000,1,1,0,1,1
551272017,NULL,Marc Satterthwaite,satterthwaite.711,1703016158,1707361674000,0,1,0,0,0
555182958,NULL,Seamus Iwanowski,iwanowski.690,1683151572,1727608067000,1,1,0,0,1
551609816,NULL,Fanni Shade,shade.4849,1683574219,NULL,1,1,0,0,1
551014793,NULL,Bancroft MacPaik,macpaik.102,1676481349,NULL,0,0,0,1,1
504449559,5150344847234514062,Deny Benam,benam.4202,1638700179,NULL,1,0,0,0,1
511962080,NULL,Haleigh Kays,kays.3026,1691033989,1705236334000,0,0,1,1,0
510687920,8823550378607322092,Dorotea Hamp,hamp.4951,1709413317,1721966968000,1,1,0,1,1
561620632,1851129184997166589,Basil McAuliffe,mcauliffe.4430,1670128428,1715920188000,1,1,0,0,1
515954712,NULL,Juliann Websdale,websdale.3018,1703995179,1702191405000,1,0,0,0,0
594818681,NULL,Jade Swansbury,swansbury.966,1717616586,1717126548000,0,0,0,1,0
544764213,NULL,Myrta Ortiger,ortiger.1427,1656800966,1699817830000,0,1,1,1,1
525015284,NULL,Alayne Kopfen,kopfen.3159,1689475414,1712465640000,1,1,0,0,0
515231311,NULL,Atalanta Retallack,retallack.782,1649275941,1710864867000,0,0,1,0,1
511991277,1024585987955270891,Vanessa Mcwhinney,mcwhinney.2542,1707316349,1715017351000,0,1,0,1,0
570970884,NULL,Sherrie Livsey,livsey.2726,1665874937,1729491426000,1,1,0,0,0
594742686,5416297380842777932,Orv Bradly,bradly.1025,1636452728,1713055031000,1,0,1,1,0
551184668,NULL,Brook Featherstonhaugh,featherstonhaugh.3013,1718957777,NULL,0,1,0,0,0
586842543,NULL,Caz Easum,easum.2602,1728203569,1718185820000,0,1,0,0,0
548537532,NULL,Adam Kellog,kellog.2422,1657266755,NULL,1,0,0,1,0
555936545,5024981355269160237,Lindy Erley,erley.4586,1716260303,1713033661000,1,1,1,0,1
568882511,7295755262848483843,Celinka Standon,standon.3203,1704872032,1715920358000,0,0,0,0,0
525815761,6143908318709051233,Kelsey Want,want.4326,1652398796,1727590646000,1,1,0,0,1
571349086,1546561112275609607,Nell Maker,maker.1140,1675646767,NULL,1,0,0,0,0
558746838,5630760534569363040,Guthrie Gerssam,gerssam.4782,1666586073,1723277194000,0,1,0,1,1
535560300,1817515340199910016,Leigha Grishmanov,grishmanov.1086,1641155470,1708612870000,1,1,1,1,0
515848508,NULL,Gary Waszczykowski,waszczykowski.1254,1701497308,NULL,1,1,1,1,1
582719312,8887870389103115939,Agata Slatten,slatten.2703,1677427324,1709407298000,0,0,0,1,0
506500213,NULL,Maxwell Segot,segot.3538,1645293085,NULL,1,0,1,1,1
541177041,NULL,Jacklin Crittal,crittal.2020,1719092150,1701393250000,0,1,0,0,1
543013155,NULL,Obadias Escoffrey,escoffrey.967,1664238327,NULL,1,1,0,0,1
511784267,5940664974372922792,Torry Odcroft,odcroft.4875,1646264537,1708580199000,0,0,0,0,1
559215593,NULL,Gusella Pluck,pluck.3045,1650673074,1712226435000,1,1,0,0,1
545003095,NULL,Tito Dickins,dickins.205,1674693171,1725349959000,1,0,0,1,1
507835546,8108322163736552160,Oona Tydd,tydd.4236,1676833183,1722704262000,0,1,0,0,0
547193963,NULL,Amalle Robeson,robeson.1855,1713481470,NULL,0,0,1,0,1
599263734,3591115338384230667,Corenda Gregol,gregol.3627,1654759612,NULL,0,1,0,0,0
585814350,8442130705317088373,Abdel Bernot,bernot.4471,1658567945,NULL,0,1,0,0,0
581712999,NULL,Brittany Fleming,fleming.4711,1722135642,1708973908000,1,0,1,0,0
507162291,4478831841995838365,Opalina Crudginton,crudginton.1397,1691077274,1718975930000,1,1,1,1,0
511132506,8563533758369157277,Sigrid Murney,murney.4633,1692144966,1727835134000,0,1,1,1,1
520669298,6681524503813729001,Herby Patters,patters.3481,1658352709,NULL,1,1,1,0,0
565078443,7687423600653665449,Brana Rate,rate.3008,1641366562,NULL,0,0,1,1,1
529760836,3441252873119209576,Hobie Spence,spence.2396,1685037496,NULL,1,0,0,1,1
540129696,8453444283659167302,Bertina Docket,docket.1371,1664601203,1710611571000,0,0,0,0,1
585537821,3427547113482578447,Ruperta Mourge,mourge.3084,1710064929,1709360622000,1,0,1,1,1
518680223,7773496687162341415,Shannon Harrell,harrell.1649,1668977549,1711735878000,0,1,0,0,1
548521875,NULL,Wendie Saines,saines.2063,1650903687,1706536211000,0,0,0,0,0
564338217,8644457398812749981,Patrice Svanini,svanini.650,1649777010,1717898148000,0,0,1,0,0
534699276,NULL,Annmaria McBlain,mcblain.2074,1713040875,1699530211000,1,1,1,1,0
559516030,NULL,Rubin Hulls,hulls.3034,1689309177,1725268265000,1,1,0,1,0
564424561,NULL,Carlynne McArdle,mcardle.3988,1650453629,1714648914000,0,0,1,1,0
522775237,1333649146778324302,Darbie Loomes,loomes.4449,1636912405,1708263786000,1,0,0,1,1
534482892,NULL,Janet Roelofsen,roelofsen.3160,1720691568,1722128082000,0,0,1,0,0
518047228,NULL,Serene Renyard,renyard.1760,1728896712,1727036801000,0,0,0,1,0
519675804,NULL,Nathanial Stang-Gjertsen,stang-gjertsen.1111,1661339252,1715654966000,1,1,0,0,1
553427640,5263212058121866206,Lorianna Smiz,smiz.2879,1641038446,NULL,1,0,1,0,0
558617060,NULL,Dud Hanssmann,hanssmann.3337,1642924882,1718249552000,0,1,1,1,0
524779153,NULL,Niall Bainton,bainton.3085,1719208808,1718650150000,0,0,1,0,0
566171857,1232979227484111186,Kendricks Itzkovwitch,itzkovwitch.2006,1679796182,1704751712000,0,0,0,0,1
536969906,NULL,Evita Strotone,strotone.3979,1640252691,1704009506000,0,0,1,1,0
555265563,NULL,Sherwood Issett,issett.3553,1711169594,1726385093000,0,0,0,1,1
530071372,NULL,Katey Aubury,aubury.3817,1662265316,1724881746000,1,1,1,0,0
508835523,NULL,Boote Bestwall,bestwall.182,1687727684,1712810135000,1,0,1,0,1
518904711,8494104334500911995,Nilson McGaugey,mcgaugey.4523,1723354293,1709540984000,1,0,0,0,0
560391031,7258938552959939401,Calv Ellen,ellen.4593,1678100216,NULL,0,1,1,1,1
592950399,3504850965622979436,Pammie Frears,frears.3564,1681738038,1725370006000,1,0,0,0,1
511209095,NULL,Carr O''Daly,odaly.4678,1642024076,1701728719000,1,0,1,1,0
585546570,NULL,Benji Matushenko,matushenko.1637,1657346337,1710216225000,0,0,0,0,0
583028149,7810919453365231319,Wylma Obert,obert.78,1693091488,1708423446000,0,1,0,0,0
510125953,2836822035772215343,Kial Hockell,hockell.2095,1684358131,1723386545000,0,1,1,0,1
563871307,NULL,Alphonso Dreye,dreye.3984,1637397125,1723550983000,1,0,1,0,1
593718156,5457575677025143095,Maren Coltan,coltan.1922,1657129323,NULL,1,0,0,0,1
532251220,1015106758557418474,Hewett Salzen,salzen.1850,1725281102,1703167607000,1,1,1,0,1
579333488,NULL,Lona Quinnelly,quinnelly.4643,1682835049,NULL,1,0,0,0,0
539080235,3538032142998412630,Fairlie Toner,toner.3617,1718080591,NULL,0,0,1,0,1
503225391,3916760126237680903,Ursola Itzig,itzig.2335,1715805716,1726660385000,0,1,1,1,1
581746701,NULL,Cyrus Blaksland,blaksland.3929,1710676275,1724947803000,1,1,1,0,0
579941919,8351536117507356803,Jayne Seakings,seakings.1011,1642280566,1724089512000,1,0,0,0,0
529789263,NULL,Sargent Harm,harm.2884,1679133951,1704844296000,0,0,0,0,0
502811572,8762931189508177939,Brittne Hartnell,hartnell.2252,1668794594,1728568197000,1,0,1,1,1
543208135,6034709268352228681,Miner Blanko,blanko.1056,1690664335,1703903769000,0,1,0,1,0
528661871,NULL,Tally Managh,managh.1866,1689861777,1717594103000,1,0,0,1,0
575551327,NULL,Ingra Blader,blader.3154,1648775374,1718374604000,0,1,1,0,1
510725378,3224646657886538134,Noreen Uff,uff.3867,1659365504,1699286224000,1,1,1,0,0
568663186,7034444251438391651,Winna Henstone,henstone.3401,1709738929,1715246188000,1,0,0,0,1
505108068,4749520646748692040,Naoma Hawson,hawson.2211,1656962341,NULL,1,0,1,0,1
590728690,8917731542850210879,Bibbie Pybworth,pybworth.1308,1673861013,1716949518000,1,1,1,0,0
545448690,8344456866755484519,Karrie Hek,hek.3208,1698039802,1715012912000,0,1,0,1,0
546089518,6970030937503141075,Andriette Mattsson,mattsson.893,1672140542,1730068742000,0,0,0,0,0
555661017,7019543956020846567,Hirsch Cheson,cheson.3042,1700132996,1725289507000,0,1,1,0,1
579315942,6582409005097731696,Mitchael Picheford,picheford.4643,1657247898,1729512157000,1,1,0,1,0
589506533,2928906517374236380,Keene Phelan,phelan.3671,1681595769,1726773735000,1,0,1,0,1
529953825,NULL,Tymothy Southworth,southworth.4442,1696028182,NULL,0,1,0,1,0
580371573,8232184690450908333,Derby Brolan,brolan.377,1697245201,1716208395000,0,0,1,1,0
527430637,8012068748416066275,Clement Pickle,pickle.4237,1660825139,NULL,0,1,1,1,0
529149781,6391421686429910680,Harriet O''Drought,odrought.3441,1708635362,1709308376000,0,0,0,1,0
527663808,NULL,Karlie Lodwig,lodwig.1196,1675443478,1717513463000,1,1,1,1,0
544649902,NULL,Kayla Bellhouse,bellhouse.557,1682062261,1711561483000,0,1,1,0,1
559078203,NULL,Henriette Walkinshaw,walkinshaw.4061,1687453319,1719859665000,1,1,1,1,1
519276261,NULL,Kiersten Jobling,jobling.3145,1638408422,NULL,1,1,1,0,0
570422367,1230062026097204043,Rodrique Fermer,fermer.4183,1684896657,1718609951000,0,1,0,0,0
520652829,5716986824626934351,Danya Moss,moss.83,1644963485,1710771781000,0,1,0,0,1
549217289,8938648919288565319,Scarface Saiz,saiz.1835,1718251120,1698882832000,0,1,1,1,0
532849178,8771971889831053210,Pieter Spalding,spalding.1304,1719858844,1720761494000,1,0,1,0,0
525226805,4916457382138961779,Alasteir Hinchcliffe,hinchcliffe.1421,1646356398,NULL,0,1,1,0,0
577528770,NULL,Cletus Bartlam,bartlam.1942,1708218870,1700910109000,0,1,0,0,1
567152105,5917294216860595314,Orly Draper,draper.1859,1660299290,1707373863000,1,0,0,1,1
585260896,NULL,Melodie Puller,puller.113,1727219749,1712190056000,1,0,1,1,1
552543285,5194801022411363792,Gradey McCleary,mccleary.117,1639954039,NULL,1,0,1,1,0
583759472,8588924776949160837,Vina Gantz,gantz.3145,1639186878,1702488870000,1,0,1,0,0
522808275,NULL,Burgess Bruyns,bruyns.771,1696712224,1714741724000,1,0,1,0,1
516270140,7816455550902928631,Verne Backe,backe.1465,1653834912,1714360623000,0,0,1,1,1
547621210,8010557830909087356,Maxy Gumm,gumm.4678,1714205175,1712846015000,0,1,1,0,0
582366862,8261254412042434046,Fayina Edgehill,edgehill.379,1668705291,NULL,1,1,1,0,1
528177138,NULL,Malissa Munehay,munehay.973,1659844305,1726800381000,0,0,0,1,1
586655929,8173268982250358221,Cecelia Deek,deek.249,1727059323,1711444655000,0,1,1,0,0
517858375,NULL,Valli Mogie,mogie.3961,1681196415,NULL,0,1,0,0,1
519169988,8103441143659970441,Onfre Gumm,gumm.2445,1687929572,NULL,1,1,0,1,0
599989436,NULL,Louis Jirik,jirik.1829,1675474523,NULL,1,0,0,0,1
518329377,NULL,Erik Winridge,winridge.723,1676749863,1728684685000,0,1,1,1,1
549246210,8045297866726660569,Mar Empleton,empleton.4030,1667180063,1710393654000,1,0,1,0,0
512971701,8454787914913474758,Aridatha Mewes,mewes.3609,1706839590,1709889419000,0,1,0,1,1
527360640,7983909956144042640,Rog Wildish,wildish.1470,1684887616,1720628971000,0,0,0,0,1
581062418,5876698775602555574,Haywood Mounch,mounch.4165,1636879865,1723600437000,0,1,0,0,0
591753860,NULL,Alidia Rockliffe,rockliffe.1677,1717527183,NULL,0,0,1,1,0
530238122,7240681428427623664,Thorn Billingham,billingham.3342,1690154601,1728358817000,1,1,1,1,0
514614101,NULL,Kyla McLanaghan,mclanaghan.4613,1722478259,1712718277000,0,1,0,1,0
577809545,NULL,Rex Bugg,bugg.4083,1675784586,1717626738000,1,0,1,0,1
555048359,NULL,Luella Dark,dark.4207,1686821667,NULL,0,0,0,0,1
567385270,4143352028253449830,Adrienne Kildale,kildale.1978,1726887851,1725515618000,0,1,0,0,1
556183321,6782552102842645538,Hansiain McTrustam,mctrustam.2513,1694479204,1710631968000,1,1,1,1,0
582179813,NULL,Rosamund Kighly,kighly.2398,1667538457,1726891637000,1,0,1,0,0
595316847,NULL,Tuckie Simons,simons.2916,1700589187,1721166351000,1,1,0,0,1
574322398,8056110808601657308,Dasie Patters,patters.1292,1674538897,1729366594000,0,1,0,0,1
514525267,8608835135777796414,Rebecca Mower,mower.3640,1692251174,1720287740000,0,1,0,0,0
567237702,7370507536883444911,Ilse Cannop,cannop.4158,1683566056,NULL,0,0,0,1,1
569073654,NULL,Alix Lidgerton,lidgerton.868,1640756623,1726578117000,0,1,0,0,1
590028647,NULL,Ag Brindley,brindley.4530,1729322485,1712642532000,1,1,0,0,1
572442389,7639543904136492885,Andee Hoodspeth,hoodspeth.2769,1721863942,1723172212000,1,1,1,1,1
544726543,4661717924132835662,Dolli Philps,philps.1724,1673201965,1727407018000,1,0,0,0,1
598040932,NULL,Mufi Launchbury,launchbury.1605,1668718093,1699011858000,1,1,0,1,0
512718451,2741217292994229161,Jocko Othen,othen.2641,1722985281,1705057443000,1,0,1,1,1
565116228,8236121339520160693,Ignacio Fehners,fehners.4394,1714219951,1718903359000,0,0,0,0,0
554956574,NULL,Athene Van de Velde,velde.3191,1721288292,1729775755000,0,1,0,0,1
567977673,8041967316712724645,Arden Pacquet,pacquet.4869,1648387619,1727377863000,1,0,1,1,1
521052766,7651235013298105465,Frederic Symes,symes.871,1672471536,NULL,0,0,0,1,0
554884683,NULL,Cari Blaszkiewicz,blaszkiewicz.3170,1640811408,1721039866000,0,1,0,1,0
561029778,4073806761543469188,Julian Heinsh,heinsh.4374,1680233495,1708662101000,1,0,0,1,1
529607108,NULL,Rhianon Braycotton,braycotton.170,1658334385,1719222216000,0,0,1,1,1
580794243,2075526068798853882,Ky Farfolomeev,farfolomeev.4574,1668453524,1715754882000,0,1,0,0,0
536518663,4754072637222624072,John Jozefczak,jozefczak.257,1726030466,NULL,0,0,0,0,1
523578379,6725108046990220287,Liliane Robker,robker.48,1677938702,1700929199000,1,1,1,0,0
568679781,NULL,Tull Toomey,toomey.4202,1644877364,NULL,1,0,1,1,0
585900881,NULL,Jammie Birkinshaw,birkinshaw.2627,1648963788,1707532188000,1,1,1,0,1
584541509,1445713796366208062,Ninette O'' Mahony,mahony.3501,1714468679,1698856458000,0,1,1,1,0
530663706,NULL,Gino Laurenson,laurenson.4805,1648225399,1723123723000,1,0,1,0,0
566069965,8029070182399565809,Sallyann Huegett,huegett.4010,1691792223,1709998902000,0,1,0,1,0
570164428,1942542061214668254,Celie Shugg,shugg.3354,1725811093,1709946810000,1,1,1,1,1
566753694,2039172067071233015,Neville Frudd,frudd.4170,1686213741,1704031773000,0,0,1,1,1
556132356,4001554394911301474,Jilli McNeish,mcneish.1148,1652611977,1714737626000,1,0,0,0,0
587233591,5456977047084823563,Jaimie Bakhrushkin,bakhrushkin.1091,1638305844,1704182122000,1,0,1,1,1
530201643,8701268857708158648,Robena Boston,boston.1899,1691996345,1712392234000,1,1,0,1,1
566949739,NULL,Brenden Capp,capp.1830,1713084210,1699797176000,1,0,1,1,0
536345571,3293115282962077048,Stephine Dinzey,dinzey.4058,1657327432,1701937142000,0,1,1,0,0
552575809,3566071183962388342,Courtenay Punch,punch.4365,1724981447,1708094660000,0,1,0,1,0
550183713,NULL,Audrie Houseago,houseago.3088,1679078816,1716028927000,1,1,0,1,0
531325972,NULL,Carmelia Bale,bale.905,1672525153,1707227684000,0,0,1,0,0
508724848,8429065484723787006,Cherie Swaddle,swaddle.4619,1713489828,1714794980000,1,1,1,1,0
542882918,NULL,Aretha Broadbere,broadbere.681,1706886345,1718601479000,1,0,1,1,1
511812555,NULL,Corabelle Oxenden,oxenden.1334,1714338733,NULL,0,1,0,0,0
599833508,2433435821005132169,Penny Trubshaw,trubshaw.4172,1650804653,1721757822000,0,1,0,0,1
518269227,3525155467093038564,Theo Allaway,allaway.4319,1728512620,1721212473000,0,1,0,0,0
530970895,7156910791888336146,Hieronymus Poundford,poundford.3246,1697579822,1729154932000,0,1,0,1,0
584590887,NULL,Oralie Campkin,campkin.3943,1699191649,1715075049000,0,1,0,0,1
551891379,1003004819797008851,Alexina Roke,roke.3601,1682881571,1702759474000,0,0,1,1,0
586918231,4982919603888197872,Minny Addicott,addicott.2696,1642796627,1720677243000,1,1,0,1,1
580991231,6506993138416798735,Madelle Gianninotti,gianninotti.4333,1694104308,1714492817000,1,0,1,1,1
577266306,NULL,Fernanda Najafian,najafian.4336,1726236661,1727576006000,1,1,0,0,1
590984512,NULL,Celine Phillipp,phillipp.4676,1654360734,1719527353000,0,0,1,0,0
576994967,2656902916837696832,Barbette Casbon,casbon.4158,1656365179,1718479225000,0,0,1,0,1
557078289,1899136039277444572,Christabel Keysel,keysel.2025,1712295963,1705377775000,1,0,0,0,1
506913332,1563795247666975566,Trixi Allison,allison.3828,1664625393,1719073382000,0,0,0,1,1
518521776,1336809662334491785,Cly MacNally,macnally.4599,1703568268,1726072602000,1,1,1,1,0
564362752,2632366191603638068,Mehetabel Anthonsen,anthonsen.1483,1668503402,1711431762000,0,1,0,0,1
560421000,4848982698223954882,Willow Bedboro,bedboro.1112,1642624831,1709468000000,1,1,1,0,1
564140987,NULL,Tobias Besnardeau,besnardeau.3758,1698832397,1719365461000,1,0,1,1,0
508371597,6788349441123611392,Tremain Crasford,crasford.935,1650183831,1707442851000,1,0,1,1,0
534986624,NULL,Millard Echelle,echelle.1993,1696255723,NULL,0,0,1,0,1
543173794,4244449883664740888,Virgie Whiteland,whiteland.1181,1679980722,1699635529000,1,0,1,1,0
588881099,8158924807692242771,Arch Josovitz,josovitz.4649,1711733451,1721491700000,1,0,1,0,0
526760525,7340143666823349631,Lari Ismirnioglou,ismirnioglou.798,1720559517,1705451538000,1,0,1,1,1
533296926,2355575569374013701,Drucill Ferrero,ferrero.3663,1666326792,1713487564000,1,0,1,0,1
555167747,7190683557998328805,Hubey Cornewall,cornewall.2458,1722321197,1708197340000,0,1,0,1,0
504261830,8605177072702799218,Wenda Keizman,keizman.23,1639067814,1703291355000,0,1,0,0,1
542362918,1851030181474178237,Jessamine Seczyk,seczyk.3656,1676841464,1720378460000,1,1,0,0,0
591198297,3088502623422364894,Neil Cator,cator.2464,1652294197,1700566614000,1,1,1,1,0
500748929,NULL,Sancho Gobat,gobat.4421,1656440069,1727071208000,0,1,1,0,0
520515556,NULL,Melisent Pawlowicz,pawlowicz.3083,1642785292,1711706668000,0,1,1,1,1
581234963,NULL,Kristi MacRorie,macrorie.1098,1677750499,1719182506000,1,0,1,0,1
581872818,7670161701349800492,Tillie Duplan,duplan.4085,1706478425,1725415530000,1,0,0,0,0
558032446,NULL,Martie Matisoff,matisoff.3846,1708301039,1708761526000,1,1,0,1,0
553617313,8763194674990528453,Glynn Greenhow,greenhow.3155,1665478809,NULL,1,0,1,1,0
557350893,NULL,Zach Fairbrace,fairbrace.2460,1673755477,1707306058000,1,1,1,0,0
593935601,8339489219382173025,Alisun Brumwell,brumwell.1341,1682837022,1709108518000,0,1,0,1,0
579736700,NULL,Marys Leathe,leathe.3806,1655053312,1705889073000,1,1,0,0,1
578988086,8707204086162917506,Fiann Rollason,rollason.2495,1691525285,1700782372000,1,0,0,0,0
504922244,6464632883390758291,Ryun Conaboy,conaboy.3743,1675567454,1699999335000,1,0,0,1,0
544919028,2440105513522429808,Idalina Weth,weth.455,1685158075,1717835231000,0,0,1,0,1
508821599,8966372545429114357,Alexis Threadgould,threadgould.4379,1675806209,1725541992000,0,1,1,0,1
584877841,1185555937857862638,Nonnah Bransgrove,bransgrove.767,1649200951,1725933091000,1,0,1,0,0
530966358,NULL,Shayne Laphorn,laphorn.3910,1728253820,NULL,1,1,1,0,1
579926831,8368753072159382158,Melesa Bowen,bowen.805,1646003938,NULL,0,0,0,0,1
530348635,8595403508457986560,Magdalen Blakemore,blakemore.564,1670651654,1717572074000,0,0,0,1,0
588869425,5994052173275894063,Hobart Turley,turley.2147,1696677664,1716065526000,1,0,1,1,1
584242524,7755299186875026902,Maegan Blees,blees.2636,1707398679,NULL,1,0,0,0,0
586674948,NULL,Edwin Alvaro,alvaro.3836,1665353414,1718093455000,1,1,1,1,0
520653673,2405965620130198903,Sioux Dyne,dyne.818,1695675649,1728437790000,0,1,1,1,1
514964094,NULL,Tedra McTerlagh,mcterlagh.4311,1648240239,1716105766000,0,0,0,0,0
546920811,7794976977833247579,Jacques Corpes,corpes.976,1716898455,1714064574000,0,1,1,0,0
520539702,NULL,Wynnie Wrathall,wrathall.4443,1707110633,1707811709000,0,0,1,0,0
510284700,NULL,Henka Langcaster,langcaster.1250,1681007892,1715893336000,0,0,1,1,1
554984026,6510637597664349892,Stacie Arnaudot,arnaudot.2034,1695305857,1729070551000,1,1,0,1,0
513453421,4862670991809231309,Greer Dubery,dubery.2661,1707516951,1723743077000,0,1,0,0,0
524450198,NULL,Lorenzo Dohr,dohr.4813,1639459300,1720813477000,0,0,1,0,0
521823587,4219244761301584594,Mercie Izkovitz,izkovitz.4267,1647647596,1717441550000,0,1,0,1,1
546760165,NULL,Fletcher Valois,valois.2028,1712755404,1717302168000,1,0,0,1,0
569991009,1925729239187224522,Stewart Gilding,gilding.4612,1643848519,1701209790000,0,1,1,1,1
557192280,NULL,Alida Farherty,farherty.2453,1661659261,NULL,0,0,0,1,1
574601888,6717486109681885329,Michaella Bernaert,bernaert.794,1649310198,NULL,1,0,1,0,0
559476696,4599102484349045736,Harbert Grinvalds,grinvalds.2817,1638748334,1727805709000,1,1,1,0,0
524586878,7640455021704263918,John Charlet,charlet.718,1678892361,1704590965000,0,0,0,0,1
541130508,3189139336920246681,Dynah Clapson,clapson.3397,1708893476,1724441534000,0,1,1,1,0
586926094,7954387483797499547,Ugo Izacenko,izacenko.4394,1682619468,NULL,1,1,0,0,0
536016314,NULL,Francesco Matveyev,matveyev.3495,1728759031,1719777027000,0,0,1,1,1
542940465,NULL,Felicio Deppen,deppen.199,1689502446,1726905308000,0,0,1,0,1
589543855,4676560318207691537,Tedman Nelthorp,nelthorp.3222,1730008825,1719002224000,0,0,0,1,0
517986634,NULL,Mahmud Oakinfold,oakinfold.4245,1725027970,1716073400000,1,1,0,0,1
519659395,2453271113413069353,Toiboid Chasson,chasson.3881,1721105859,1719407258000,1,1,0,1,1
551762911,NULL,Jarvis Stoffers,stoffers.1961,1704647032,1723683518000,0,0,1,1,1
522627386,NULL,Gardener Dublin,dublin.3561,1727963636,1713960665000,1,1,0,0,0
546540874,7109142145341589105,Caria Bennike,bennike.3396,1644517996,1727533137000,0,1,0,0,1
508384376,2316978508128147284,Adam Standrin,standrin.1629,1675029538,1723749482000,1,1,1,1,1
519717541,NULL,Devi Vann,vann.4325,1709359553,1719345563000,0,1,1,0,1
578912783,1813365340546270554,Kessia Pasticznyk,pasticznyk.246,1667566981,1718399499000,1,1,0,0,1
594580806,3238893581411976977,Ainslie Karoly,karoly.3072,1727767399,1704081164000,1,1,0,1,0
523958902,2438199299531247264,Maudie Towey,towey.506,1674563167,NULL,1,1,1,1,1
558564674,3253082827579423591,Haley Kelwick,kelwick.1839,1725888086,1701324503000,0,0,1,1,1
571247109,8496244710796976005,Tedi Pope,pope.3527,1661268177,1717305211000,0,0,0,0,0
565861294,NULL,Korey Sayre,sayre.4677,1709879085,1713263456000,1,1,0,1,1
589908332,7212781934369200694,Lynnelle Hammant,hammant.3833,1652932344,1712640431000,0,0,0,1,1
531718883,8943499808897360301,Vite Laurisch,laurisch.1910,1644102630,1722755758000,1,1,1,1,1
507767231,NULL,Aylmar Halsted,halsted.316,1728799943,1712738880000,1,0,1,0,1
557227427,NULL,Poul Garling,garling.4722,1667215350,1713296933000,1,1,0,1,0
595372965,8850117864075318500,Vere Andren,andren.2203,1705035677,1702049634000,0,1,0,0,1
546093103,NULL,Lovell Cutten,cutten.603,1653917111,1724037168000,0,1,1,0,1
561446776,7789729016283185579,Alicea Pernell,pernell.1970,1659438888,1704261787000,0,1,1,0,0
585069775,7888764319038586999,Regen Hearns,hearns.190,1699212501,NULL,1,1,0,0,1
540737336,5209717111171104387,Jenelle de Clerk,clerk.2508,1674091257,1727683821000,0,0,0,0,0
517366791,NULL,Tanitansy Burgin,burgin.2347,1716759606,1710908203000,0,0,1,1,1
592223920,NULL,Sal Matitiaho,matitiaho.2720,1714593258,1714160155000,0,1,0,1,0
591765952,8338775052373185730,Olia Shinefield,shinefield.4870,1664464324,1720961873000,1,1,0,1,1
536536299,NULL,Emanuel Leibold,leibold.1565,1701882391,1698831060000,1,1,0,1,1
512784686,NULL,Claude Falla,falla.1925,1675282230,1729753867000,0,1,0,1,0
595926979,1431774738518898463,Theodor Wayper,wayper.2365,1638925592,1726425569000,0,1,1,1,0
505549311,NULL,Kip Attwell,attwell.4581,1639930974,1723121841000,0,1,1,0,0
513314245,NULL,Perrine Haskell,haskell.479,1661120840,NULL,1,0,0,0,0
579386078,NULL,Fredericka McClay,mcclay.103,1698910921,1721934191000,1,0,0,0,1
540374903,5428568781234237894,Vivia Ranns,ranns.2491,1699615861,1727188859000,1,1,1,1,1
564999716,NULL,Darb Skeggs,skeggs.2016,1668665274,1709656255000,0,1,1,0,1
549364153,6482477533328302518,Nancee Billinge,billinge.2707,1649893207,1710483884000,0,1,1,1,1
566352737,8264708411913383994,Saunders Watkiss,watkiss.4762,1719614927,1730219950000,1,1,1,1,0
596710477,NULL,Adina MacCole,maccole.3921,1715249861,1702113454000,1,1,1,0,0
590119143,7178663786775139356,Neile Barlace,barlace.3948,1659850967,1709488093000,0,0,0,1,1
534096986,2913085536324657908,Penrod Handscombe,handscombe.224,1715696279,1726723744000,1,0,1,1,1
584790153,8644980543467010818,Kyrstin Glanert,glanert.3295,1700343501,1716314220000,1,0,1,0,1
582265745,NULL,Judi Wilstead,wilstead.1815,1699833779,1713519005000,0,0,1,0,1
597330144,NULL,Edward Mellish,mellish.3822,1693610098,1719971625000,0,0,0,1,0
501791026,NULL,Luce Dulanty,dulanty.3320,1698405962,1710178084000,0,1,0,0,1
500392781,NULL,Thaine Scotchmore,scotchmore.2214,1722502192,1704756289000,1,0,1,0,1
567814221,7596858792048366470,Cami Theis,theis.3075,1701753463,NULL,0,1,1,0,1
575703933,NULL,Anna-maria Fydo,fydo.1352,1671841045,1725854107000,0,1,0,1,0
580991524,5565945346605360175,Tore Fick,fick.3977,1670254545,1718804775000,1,0,0,0,0
537327592,3362044882145707598,Carine Beavors,beavors.2234,1661345193,1726507626000,0,0,1,0,0
521339168,6111889645140803400,Lou Bostick,bostick.2358,1659540072,1720458547000,1,1,1,1,0
581760380,NULL,Phyllis Lease,lease.650,1638732010,1705016180000,1,1,0,1,1
532297307,NULL,Cathi Gulliver,gulliver.650,1637822387,1699187836000,1,1,1,1,1
557130476,8154702883391655490,Liv Spurgin,spurgin.1637,1637676850,NULL,1,1,1,1,0
599767555,5105527733294636003,Eloisa Vearncomb,vearncomb.4368,1699626500,NULL,0,0,1,0,0
550825154,NULL,Cacilia Labusquiere,labusquiere.1318,1641411954,1725663793000,1,0,1,0,0
560118725,NULL,Candace Feasey,feasey.4288,1689501848,NULL,0,0,1,0,0
578344223,NULL,Kane McGinley,mcginley.1536,1694608356,1707488378000,1,0,0,0,1
554240085,NULL,Asher McMonies,mcmonies.1592,1669091157,1727381256000,1,0,1,1,0
544555035,4878938763280997657,Sergei Dryburgh,dryburgh.4652,1660023873,1702614176000,0,0,1,1,1
561687129,5810686382734090762,Smitty Aldwick,aldwick.2804,1726986594,1728709338000,1,1,1,0,1
554188401,NULL,Torre Burstow,burstow.3875,1700551625,NULL,1,0,0,1,1
537694545,6567215970966677608,Rene Viste,viste.1470,1656647114,1701081035000,1,1,0,1,1
573698600,NULL,Gram Neve,neve.1092,1658646782,1701939691000,1,1,1,1,1
546108131,1735952524454104390,Chane Eason,eason.922,1706009271,NULL,0,1,1,0,0
569881491,1024629636342475553,Dix Benardette,benardette.4811,1660207417,NULL,1,0,0,1,0
580203429,NULL,Elvyn Westwood,westwood.3915,1707918620,1700432297000,1,0,1,1,0
504489940,8861798463270803374,Towny Asser,asser.2527,1702927660,1718481468000,0,0,1,1,0
570167304,NULL,Zsazsa Gibbie,gibbie.3844,1676791963,1715286021000,1,1,0,0,1
568694863,2380357322812647203,Nelia Westell,westell.110,1726166681,1706156991000,0,0,1,1,1
567525252,NULL,Adlai Alenin,alenin.1016,1724614006,1702143255000,1,0,1,1,0
505408866,NULL,Odell Muston,muston.3155,1681914752,NULL,1,0,1,1,1
589697655,7416036473650971895,Abbie Iacovolo,iacovolo.619,1686775134,1709810808000,1,0,0,1,1
563119185,5594003662392816444,Nicolas Saby,saby.970,1678868477,1713737000000,1,0,0,1,1
516493673,7835459967699924549,Torry Huggon,huggon.220,1673069718,1728114917000,1,0,0,1,0
587128599,6206409936061890110,Dionisio Brockelsby,brockelsby.4805,1683504852,1719910046000,0,0,0,1,1
587119786,NULL,Florence Paige,paige.4662,1667746125,1700521133000,0,1,1,1,0
531883914,3521720162167672861,Fonz MacDwyer,macdwyer.895,1662804741,1717042103000,1,0,1,0,0
530641629,NULL,Evey Lunam,lunam.369,1640866110,1730095209000,1,0,0,0,0
566217826,8664205690259152523,Reinald Phlippi,phlippi.4435,1715136572,1712475551000,1,1,0,1,0
540676296,4995790237451208178,Noell Wattingham,wattingham.2207,1715512668,1728410482000,1,0,1,0,1
517614592,8870584561379752093,Lynne O''Rodane,orodane.2559,1709109413,1707088218000,0,1,1,1,0
585664458,8707326125754156202,Fairfax Elves,elves.3081,1680903625,1703881001000,1,1,0,0,1
567546071,NULL,Corine Weatherley,weatherley.4,1696894716,1701757737000,1,1,0,0,1
587013551,NULL,Brandise Waplington,waplington.3553,1687221649,NULL,0,0,1,0,0
511058450,NULL,Reta McGoldrick,mcgoldrick.4938,1636699097,NULL,0,1,1,0,0
581295559,NULL,Geraldine Boate,boate.2909,1701046038,1730376679000,1,0,0,1,1
509162400,NULL,Ted Drysdall,drysdall.2073,1709879133,1728975528000,0,1,0,1,1
553779246,8039047111016690530,Rutter Rilton,rilton.4826,1706481425,1714603814000,1,0,1,1,0
573530971,NULL,Putnem Beedie,beedie.4203,1667164913,1715730393000,0,0,0,1,1
582201109,8647336441133586843,Patsy Rubinsztein,rubinsztein.27,1712491879,1713453381000,1,1,1,1,0
599263188,8528351061143649843,Donetta Achurch,achurch.586,1720045213,1723170593000,0,1,1,0,1
532372510,5054221849052061965,Gabbey Giraudo,giraudo.3061,1664249051,1718189983000,1,1,0,1,0
562286768,NULL,Michaela Jaray,jaray.1353,1640544187,1719679336000,1,1,0,0,0
559310183,8093635502052887391,Celestyn Pleager,pleager.1920,1667336464,NULL,0,0,0,1,1
501686118,1440311257790407524,Rickert Breinl,breinl.2022,1656128285,1727308173000,0,0,0,1,1
510516666,NULL,Isabelle Pottinger,pottinger.1687,1672913283,1701475631000,1,1,0,0,1
550390719,3569879286238369631,Elke Sarson,sarson.2788,1648657039,1707399363000,1,1,1,1,0
593616914,6906379593337254950,Angele Betteson,betteson.840,1666586789,1709924182000,0,1,0,0,0
560959331,3766314777780131525,Margot Pauler,pauler.3912,1692143621,1729390517000,0,1,0,1,0
559026021,2783160974023793578,Rosita Auten,auten.2374,1644521808,1718108265000,0,1,0,0,1
593834322,NULL,Lizabeth Reardon,reardon.4938,1714689529,1714808115000,1,1,1,1,0
532713483,6660146438692014462,Abra Wimbury,wimbury.159,1667113527,1721998709000,1,0,1,0,0
567971230,5681242845018787044,Bryce Piele,piele.90,1678514042,1712709627000,1,1,0,0,0
584905042,6813113601650236444,Rodney MacVaugh,macvaugh.4358,1676393760,1710350746000,1,0,1,1,0
544815300,5144898655106626027,Ange Noddles,noddles.2186,1713267711,1704925490000,0,1,1,1,0
595784394,NULL,Stavro Hiscoe,hiscoe.3838,1691573432,1724613196000,0,0,0,1,1
524285399,4691922863094398320,Cleveland Manchester,manchester.1150,1647308696,1700153427000,1,0,1,1,1
539328095,3401801433532960308,Raye Gavrieli,gavrieli.1692,1667197930,1701169687000,1,0,1,1,0
505986896,8244018409995438358,Osgood Pittson,pittson.953,1660030302,1715952038000,0,0,0,0,1
554274040,NULL,Xever Marvel,marvel.1935,1716396005,1720263886000,1,1,0,0,1
573116272,2262394640898637423,Natka Kneeshaw,kneeshaw.4204,1647168247,1710392921000,1,0,1,1,0
588214643,2260792887895905231,Arni MacKissack,mackissack.498,1695551647,1720944791000,1,0,1,0,1
520907078,NULL,Benedikt Weakley,weakley.1366,1648216294,1708611302000,0,0,1,1,1
578239238,2199538992080450056,Roz Benkin,benkin.4100,1648763383,1702071387000,0,0,1,1,1
598588677,1739455524748462236,Eldridge Elleyne,elleyne.242,1700615102,1728125756000,0,1,1,1,0
500819693,NULL,Juan Gowdie,gowdie.2677,1729323380,NULL,1,0,0,0,1
547485391,8815242083155037746,Town Bilverstone,bilverstone.1626,1683070087,NULL,1,1,0,1,1
559838712,NULL,Mufi Kretschmer,kretschmer.2405,1689723000,1730225260000,1,0,0,0,1
581638258,NULL,Colette McAlinion,mcalinion.2288,1723005508,1709971169000,1,0,0,1,1
551872125,3165407856591877262,Salem Sanbrooke,sanbrooke.2965,1640362094,1700544096000,1,0,0,1,1
582746684,4771101291513196859,Darrick Zaniolo,zaniolo.1196,1723998186,NULL,0,0,1,0,1
534403234,NULL,Kakalina Aucock,aucock.2033,1679164823,1729644085000,0,0,1,0,1
537306178,NULL,Donia Brackenridge,brackenridge.3703,1646199666,1708590456000,0,1,1,1,1
549571112,NULL,Stormy Ascough,ascough.4330,1702344811,NULL,0,1,1,0,0
515359053,NULL,Bourke Buckie,buckie.4948,1661355267,1711671791000,1,1,1,0,0
539116165,NULL,Sylvia Haighton,haighton.862,1651742294,1717961039000,0,1,0,0,0
571683307,NULL,Genny Cuddy,cuddy.4713,1705674407,1714877618000,0,0,0,1,1
570992224,8699544065117622184,Elene Bygraves,bygraves.1702,1689264485,1725223232000,1,1,0,1,0
524391688,NULL,Ronnie Gunby,gunby.4768,1654398652,NULL,0,1,1,1,0
587299947,6296058419159927391,Shaina Dotterill,dotterill.1581,1669349001,1706523977000,1,0,0,1,1
588725876,5275650663437592937,Hunter Mityashev,mityashev.3471,1636568914,1722115861000,1,0,0,1,0
539446697,NULL,Stinky Wheeler,wheeler.4573,1681072371,1714600228000,1,0,0,1,1
571182225,NULL,Toma Wahlberg,wahlberg.4091,1714293490,NULL,1,0,0,1,0
555064904,NULL,Margette Davidov,davidov.1472,1688806528,NULL,0,0,1,1,0
508085885,1628102701118546762,Phyllida Akker,akker.1140,1723496412,1701064015000,0,1,1,1,0
558789262,5822039355684956341,Aleen Mingauld,mingauld.4928,1680175557,1710450340000,1,0,1,0,0
512558557,5991719720939592003,Osmond Gillard,gillard.4874,1665227475,1708025776000,1,0,0,1,0
571338067,NULL,Hayyim Risso,risso.4332,1719475071,1714737633000,1,0,0,0,0
538423240,NULL,Josey Fedder,fedder.3469,1684414639,1709722326000,1,1,0,0,1
512729632,NULL,Audrye Runcie,runcie.2525,1676133285,1707502483000,1,0,0,1,0
504175207,8779014978520422273,Maddy Cardillo,cardillo.3170,1651913690,1726563685000,0,0,1,1,1
528406815,4628930586993665067,Waly Panniers,panniers.148,1668421897,1726762000000,1,1,0,1,0
593752079,6462167696649108864,Britta Milstead,milstead.2469,1697043119,1716645896000,1,0,0,0,0
524276414,NULL,Lemuel Huggins,huggins.414,1696105323,NULL,0,0,1,1,1
580597237,5305328056151329335,Fredric Kubicka,kubicka.4344,1682902534,1701538036000,1,0,0,0,0
553851927,NULL,Gabe California,california.4261,1691121506,1727189057000,1,1,0,0,1
572725014,NULL,Darrell Tinmouth,tinmouth.2779,1685454523,1723077341000,1,1,1,0,1
587158432,5655937491222654622,Beck Bienvenu,bienvenu.3312,1692649652,1721510495000,0,1,0,0,1
525376672,7160024259017431193,Marielle Ledur,ledur.4452,1669447340,NULL,0,1,0,0,1
501072889,NULL,Corbett Provis,provis.1634,1655321086,1698859797000,1,1,1,1,0
525823965,6511604533746456257,Arnaldo Cheves,cheves.4738,1715376149,1718306229000,0,1,1,1,0
518821466,NULL,Dyann Oliver-Paull,oliver-paull.3407,1709338144,1714799956000,1,1,1,0,0
563243942,1923656513656629691,Darren Warn,warn.1954,1698286648,1704914487000,0,1,0,0,1
557655725,3326088402559750923,Denni Blesdill,blesdill.4130,1696480883,1705848628000,0,0,1,1,0
565848329,8333756393825906903,Brok Fittall,fittall.434,1724369253,1705118419000,1,0,0,1,0
553956205,6958988580597220315,Robbyn Drysdall,drysdall.4724,1648991191,NULL,1,0,1,1,0
581126721,5180220903114406583,Clementina Records,records.3350,1676317404,NULL,0,1,0,1,1
506343066,NULL,Zonnya Addyman,addyman.2028,1709278752,1705263535000,1,1,0,0,0
545968331,2664982159643572851,Deanne Mathys,mathys.3670,1683265582,1700515125000,0,1,1,1,1
594084906,NULL,Edward Smedmore,smedmore.2961,1651127071,1716021303000,1,0,1,0,1
580785625,NULL,Malina Matthesius,matthesius.4051,1640435170,1730201363000,1,0,0,0,0
567988340,7603233279616053804,Shannen Rubinsztein,rubinsztein.4306,1650878579,NULL,0,1,0,0,1
532763898,6614256496104517646,Dion Coxall,coxall.2187,1637538607,1710235850000,1,0,1,0,1
532226256,8801434039684333495,Yanaton Jinkins,jinkins.78,1663230121,NULL,0,0,0,0,1
581335954,4658072196735018100,Kirsten Martschik,martschik.3085,1696412686,1727298681000,0,1,0,0,0
593053022,8651118658299892775,Colleen Furnell,furnell.3520,1714859914,1729736131000,1,0,0,0,0
521744076,1142590339461588649,Ruby Chattington,chattington.2300,1714862847,1715883744000,1,0,0,1,1
508341741,NULL,Dodie Hazeldene,hazeldene.3115,1698121879,1719145752000,1,1,0,0,0
518709026,6690012443308207797,Marvin Youll,youll.2058,1717243123,1705627318000,0,0,0,0,1
542784052,NULL,Hendrik Oiseau,oiseau.2503,1668555876,NULL,1,0,1,0,0
595505368,7923366687474637002,Mariellen Scoyne,scoyne.3624,1698077880,1726842211000,1,1,1,1,1
534461085,NULL,Forester Everley,everley.198,1664007525,NULL,1,0,1,0,1
506312149,4250209316758357434,Deonne Mandal,mandal.4989,1710646892,1723287345000,0,1,1,0,1
522482454,NULL,Celestine Ellington,ellington.623,1725906314,1723073860000,1,1,0,1,0
529048183,NULL,Orel Crimes,crimes.4521,1685528076,1698905815000,0,0,0,1,0
589046736,8630182108383518807,Ambrosio Skirvane,skirvane.3875,1655599159,NULL,0,1,0,1,1
539151777,8874089225777022582,Kimball Wetter,wetter.870,1702010170,1728085697000,0,1,1,1,1
541405315,8125836713739241377,Curr Youles,youles.855,1649988697,1726085276000,1,0,0,0,1
548773080,6513261847700994694,Ruthann Goggins,goggins.1835,1686563651,1712604212000,0,0,0,0,0
521870238,6513363545279870222,Torrie Matantsev,matantsev.2897,1714331456,1707023676000,1,0,1,1,1
561557830,2139420886297595972,Hillier Gaitskell,gaitskell.1577,1684163833,1705437229000,1,0,1,0,0
528807893,8428633018298317291,Milissent Ranger,ranger.1719,1705510559,1721759763000,0,0,1,0,0
572158853,NULL,Dag Mangenot,mangenot.2400,1676526825,1709678431000,0,1,1,1,1
515037901,NULL,Pearl Staining,staining.2813,1671187966,1715794637000,0,1,0,0,0
591061438,NULL,Faunie Durrans,durrans.279,1654780242,NULL,1,1,0,1,1
501705763,3928982296005392071,Batsheva Prescote,prescote.986,1689077273,1716894061000,0,1,0,0,1
539820755,8695294607879610288,Patten Garbutt,garbutt.2643,1726878593,1709350227000,1,0,1,0,0
566933004,5524820080820647794,Scotti Greiser,greiser.4125,1657664010,NULL,1,0,0,1,1
567282837,8018312327907890768,Jobie Allright,allright.4952,1688382403,1720314575000,0,0,1,0,1
552644590,4552176917926125124,Hedvig Goodburn,goodburn.4815,1726573152,NULL,1,1,1,1,1
514761250,8185464641758299869,Gilbertina McQuirter,mcquirter.4247,1679229394,NULL,0,0,1,1,1
545982223,NULL,Rainer Greville,greville.3871,1682275902,1727314586000,1,0,1,0,1
588246476,7902133363626168431,Inger Kolis,kolis.1019,1722301919,1700169521000,0,1,1,0,0
575084680,7487454952745724446,Jerry Gamlen,gamlen.747,1729425091,1728505357000,0,0,0,0,1
514341908,NULL,Demetris Dicker,dicker.450,1684107964,1701516117000,0,1,1,1,1
561656276,4858347474186532661,Jeramie Blaik,blaik.3009,1726070844,1717522169000,1,0,1,0,1
586217263,2185612887602631063,Johnathon Gierke,gierke.3425,1690193979,NULL,0,0,0,1,0
549143475,5479217832159592196,Barbie Lavallin,lavallin.1239,1684781111,1705730460000,1,0,1,0,0
566547529,7379747098618970197,Carling Le Marquis,marquis.666,1726809070,1715188735000,0,0,1,1,1
518433630,NULL,Pru Blaszczyk,blaszczyk.3897,1643531167,1720433282000,1,1,1,0,0
598855728,5587156802252678456,Hettie Han,han.1108,1701700314,1699514553000,0,0,1,1,0
552143785,NULL,Gav Prahl,prahl.2971,1715123567,NULL,0,0,0,0,0
520032610,NULL,Creighton Squibbes,squibbes.4497,1661971089,1716854582000,0,0,1,0,1
593938211,NULL,Case Fordyce,fordyce.1,1701780999,1707987593000,1,1,1,0,0
533768220,7596234914295919801,Borden Cheshir,cheshir.3591,1668882701,1706050076000,0,0,1,0,0
589757544,5947090612821475782,Maynord Cord,cord.566,1715109121,1721938053000,1,1,0,1,0
572011813,3520953237206514831,Brant Rodson,rodson.286,1679824205,1718207286000,0,1,1,1,0
573747558,NULL,Nelli Jakubovicz,jakubovicz.2524,1713189214,1705557317000,0,1,0,0,0
545118484,4902968093728823948,Avrit McTavy,mctavy.1311,1685824451,NULL,0,1,0,1,1
506619383,6780115674276674911,Fifi Tomicki,tomicki.662,1663012812,1704281018000,0,0,1,0,1
594274521,1816129242930514353,Leonardo O''Dowgaine,odowgaine.3444,1653724645,1708186267000,1,1,1,1,0
576926389,2761706025930004654,Hilarius Otto,otto.3366,1682216562,1712436914000,0,0,0,1,0
525310537,NULL,Iosep Aumerle,aumerle.4776,1669014514,NULL,1,1,1,0,0
511307975,NULL,Georgeanna Smout,smout.2280,1701827304,NULL,1,0,0,0,1
506623428,NULL,Thor Graveston,graveston.3667,1688455436,1728033507000,1,0,1,1,1
574089258,NULL,Clevie Challenor,challenor.401,1644331871,1717713578000,1,1,1,1,1
588601630,5900947619940627950,Heida Korpolak,korpolak.1125,1701481561,NULL,1,0,0,0,1
596585476,1610609146326562189,Skipton Wiburn,wiburn.116,1645775744,1723533093000,0,0,0,1,0
504697978,NULL,Sherill Haddinton,haddinton.3927,1673309244,NULL,0,1,0,1,1
556359482,8446711548336558886,Wendie Hadye,hadye.1076,1673708760,1728787773000,0,0,1,0,0
540554506,2300593460688151315,Reggi Boschmann,boschmann.4537,1709213819,1714891731000,0,1,1,0,1
584034739,2011351497794250875,Enrichetta Mussilli,mussilli.4496,1675925657,1726675971000,1,0,0,1,0
517533016,6002460004351992020,Ina Culwen,culwen.2899,1638623871,1704494205000,0,0,0,1,1
500048137,NULL,Olivette Levington,levington.4768,1657502809,1722926705000,0,0,1,0,0
578745150,NULL,Kailey Pordal,pordal.1626,1646964010,1715794986000,1,0,1,0,1
521105793,NULL,Ainslee Gregol,gregol.4394,1686267221,NULL,0,1,0,0,0
572296516,2804343439654820828,Lotta Footitt,footitt.2838,1702705203,NULL,1,0,0,1,0
517267879,4298770473059005996,Berk Corselles,corselles.4208,1649586058,1714678707000,1,0,1,0,0
504809759,NULL,Ody Cockshott,cockshott.1234,1666924211,1723909166000,1,1,0,1,0
588823831,6685870289725678992,Holden Crump,crump.3006,1638254024,NULL,1,1,0,1,1
583498102,NULL,Brnaba Errey,errey.1451,1711652493,1729692134000,0,0,0,1,0
557019683,8805010155753423682,Merrie Neeves,neeves.2565,1729354742,1727476018000,1,0,0,1,1
571004459,7668776574982726558,Jeri Westcot,westcot.3383,1664283011,1700569542000,1,1,1,0,1
588497164,NULL,Chen Tumelty,tumelty.2027,1686964713,NULL,0,0,1,0,1
598313086,NULL,Sile Mollen,mollen.4628,1660722641,1710668820000,1,0,1,1,0
555908696,5196080127641213882,Raddy Prowting,prowting.1264,1723711461,1729320055000,0,1,0,1,0
544378706,6791701988097152281,Ozzy Bayne,bayne.1249,1644427002,1701552347000,1,1,0,0,1
515025985,8075279624598482664,Jorgan Parmeter,parmeter.2389,1715669106,NULL,0,0,0,0,0
536691476,1947456068422636998,Pattie Garter,garter.1407,1663037354,1711540063000,1,0,1,1,0
518548530,2493179368020996380,Leland Filippyev,filippyev.1057,1693183736,1706368352000,1,0,0,1,1
534441913,NULL,Isac Romanet,romanet.3004,1728427358,NULL,0,1,0,0,1
504805715,3606330364764921904,Pate Henrot,henrot.4897,1700687319,1706172287000,1,1,1,0,1
590588385,NULL,Chantal Alsford,alsford.448,1711082838,1719521429000,0,1,0,0,1
548094122,6360815276075672720,Marcellus Rougier,rougier.4958,1717933280,1707658334000,0,0,1,1,1
598958307,NULL,Melosa Eddicott,eddicott.2472,1646261859,1712441251000,1,1,1,0,0
572662412,8253717979251170729,Jermaine Gaber,gaber.2132,1692344596,1720032065000,1,1,0,0,1
508070843,NULL,Charissa Ugolini,ugolini.905,1649409918,1712739837000,0,1,1,1,0
529662194,8802467029258487139,Emory Ivashechkin,ivashechkin.3792,1674209762,NULL,1,1,0,0,1
598467911,NULL,Hillard Revel,revel.986,1644842840,NULL,0,0,1,0,0
585084639,NULL,Bartlett Keuntje,keuntje.3752,1648727950,1724619494000,1,1,1,0,1
585436946,5958852392441350747,Finley Oertzen,oertzen.870,1636749318,1714209622000,1,0,0,1,1
529465973,6711585767803774897,Neille Hustler,hustler.1630,1676005016,1699508634000,1,0,0,1,1
549707560,3517338490386412391,Baudoin Pellett,pellett.1070,1716181431,1711967460000,1,1,0,1,1
584304194,6531684358102999206,Dag Tomlin,tomlin.445,1688994278,1711093262000,1,1,0,0,0
530110983,1679576701579712288,Cyril Haulkham,haulkham.1385,1668484654,1701572479000,0,1,0,1,1
530353585,1981679272596065706,Ingunna Perrigo,perrigo.3003,1687833316,1703286216000,0,1,1,0,0
576216145,NULL,Alastair Bucknall,bucknall.880,1723023955,1723023071000,0,0,1,0,0
568452901,3338571355183863679,Velma Rewcastle,rewcastle.4661,1685993738,1719146673000,0,1,0,1,1
528576702,NULL,Levon Longhurst,longhurst.3818,1666811861,1723686543000,1,0,0,0,0
545559882,4652446931145368154,Gerek Marriott,marriott.914,1661559645,1703147680000,1,0,0,1,1
528199957,NULL,Ingaberg McCadden,mccadden.900,1677613419,NULL,1,1,0,0,1
507423950,8503871561658023314,Gilbertina Dunster,dunster.4219,1647463312,1713260192000,0,0,1,0,1
585944332,NULL,Shauna Blondell,blondell.4593,1677823748,1723191343000,1,0,1,1,0
560524700,4482239800110760412,Adela Cline,cline.4466,1705687308,1718058125000,0,0,1,1,1
582445936,2796621820586991185,Olympe Legat,legat.972,1651388800,1728770692000,0,1,1,1,0
504816714,NULL,Biddy Raubenheimer,raubenheimer.943,1700066184,1718262671000,1,1,0,1,0
581362992,NULL,Salome McKerley,mckerley.3,1647882137,1726617358000,1,0,0,1,1
514081595,5387590333046443686,Adda Ramme,ramme.732,1711472962,1724447101000,0,1,0,1,0
518796626,NULL,Keriann Havis,havis.3525,1722761738,NULL,1,1,1,0,1
528896686,5156241336154813417,Isabelle Casbon,casbon.4748,1722540265,1715050898000,0,1,0,0,0
588762224,NULL,Joeann Olivari,olivari.3629,1717899143,1702464887000,1,0,1,0,0
510857262,NULL,Herold Miskimmon,miskimmon.4219,1690293763,1701984524000,0,0,0,1,1
548199065,NULL,Trefor Killik,killik.2868,1693438409,1720203170000,0,1,1,1,1
562005377,4158611878701229033,Marylou Swafield,swafield.750,1666068643,1699765503000,0,1,1,0,0
567212113,8152969858733504669,Junie Baiss,baiss.3008,1666323775,1725320390000,0,0,1,1,0
577239113,8915893591101925336,Dorian Dawidowicz,dawidowicz.4660,1657251417,1705172407000,0,0,1,0,0
568947525,7020265340664518975,Jake Coventry,coventry.2322,1638108991,1721978238000,1,1,1,0,1
521294310,1370921090057580718,Willy Waterfield,waterfield.4818,1656886846,1718107768000,1,1,0,0,0
524022324,4662472903934965609,Brynna Bein,bein.2252,1686450390,1706516771000,0,1,1,1,0
518871368,6311634049969238952,Brook Nunnery,nunnery.3464,1697996807,1727306924000,1,0,1,1,0
515186406,8945730174565750918,Donni Flaonier,flaonier.4769,1670679116,1701833297000,1,1,0,1,0
562395399,2832232148199661671,Cello Bradbrook,bradbrook.4801,1712936897,1713028984000,1,1,0,1,1
572785252,NULL,Benedict Capron,capron.1204,1689712581,1699472213000,1,1,0,0,0
501181786,7826670674461268254,Dayna Silverwood,silverwood.4006,1666887341,1715346504000,1,0,1,0,0
544888463,6242691585418797593,Adrianne Girkin,girkin.37,1673128190,1704052349000,0,1,1,0,0
514070175,5753718899131593794,Gavan Cogdell,cogdell.4352,1710653712,1714967272000,0,0,0,0,1
521444556,8783595577515424913,Karyn Tunkin,tunkin.2670,1709369089,1712223433000,0,0,1,0,1
597613167,1476748222161609186,Agace Bernakiewicz,bernakiewicz.4451,1652670536,1717278684000,0,1,0,1,1
547639745,8949912093858030250,Gusty Teas,teas.25,1688055784,1707491239000,0,1,0,0,1
582982024,NULL,Marybelle Whitworth,whitworth.3186,1713069927,NULL,0,1,0,0,0
582251688,1571980070090888609,Rubina Safont,safont.3098,1690329580,1728471359000,0,1,1,0,0
549659191,NULL,Clareta Mithan,mithan.2009,1643724819,1712432940000,0,0,0,0,1
563905076,NULL,Norbie Altoft,altoft.4483,1727282648,1729437053000,0,0,0,0,0
575310390,NULL,Melessa Toupe,toupe.522,1647003563,1712195718000,1,1,0,1,0
574221838,6252133778673110134,Jayne Poundford,poundford.436,1681407278,NULL,1,0,1,0,0
511647964,NULL,Mab Legier,legier.4962,1670245333,1701142705000,1,1,1,1,1
576154671,NULL,Pooh Blore,blore.3513,1657919160,1710290855000,1,1,1,0,0
503036273,NULL,Garik Scudamore,scudamore.2605,1696142239,NULL,1,0,1,0,1
552332322,NULL,Berenice Brissenden,brissenden.2188,1716088061,1725745508000,0,0,0,1,1
505558728,NULL,Pietrek Hawkwood,hawkwood.2131,1636428052,NULL,1,0,0,1,1
544560655,NULL,Jamill Hagley,hagley.1762,1704054082,NULL,0,1,0,0,0
583919890,4494045767873526474,Addia Newman,newman.3085,1645334807,1722865877000,1,1,0,1,0
556890928,8440794778154218398,Mab Chaperlin,chaperlin.3276,1655685954,1716242462000,1,1,1,0,1
521865163,8627315874434123170,Vivianne Aldous,aldous.4897,1681116947,1711887345000,1,0,1,1,0
508193044,5453030916860825171,Herbert Tricker,tricker.1436,1721294944,1707472156000,0,1,0,0,0
555712597,3228944169193932380,Melina McGarrahan,mcgarrahan.3802,1695840915,1707787054000,0,0,0,0,0
558465117,6195906672494917000,Jereme Broseke,broseke.4836,1707469583,1723743960000,0,1,0,0,0
572552558,NULL,Haskel Havenhand,havenhand.2983,1681733909,1710702408000,1,0,1,0,0
515317037,NULL,Lennard Bahl,bahl.3539,1684349419,1713196181000,1,1,1,0,1
502874489,3797075878132110261,Llywellyn Jaram,jaram.1098,1689568228,1713753581000,0,0,0,0,0
514625211,8051663042806465982,Cammy Rumens,rumens.1315,1698595586,1710513781000,0,1,0,0,0
591008568,5361634969223342490,Marjy Cressor,cressor.2578,1720691708,1717633819000,0,1,0,0,1
537282386,5111788409247122307,Hardy Surtees,surtees.832,1688815480,1711552831000,0,1,0,1,0
500818103,3676105468572310545,Petunia Halmkin,halmkin.170,1671090186,NULL,1,0,0,1,1
543056320,3601504486989025116,Starla Rogerson,rogerson.4791,1652842538,1706430381000,1,1,1,1,0
591833745,2537861811915555582,Henderson Tolerton,tolerton.36,1720587141,NULL,1,1,1,0,1
529634816,NULL,Lanna Van Geffen,geffen.461,1652027440,1707237922000,0,1,1,0,0
590802222,6562156200745594489,Shantee Iacabucci,iacabucci.1022,1683978896,1716567822000,1,1,0,1,0
508501992,NULL,Pauletta Stannah,stannah.4553,1641327099,1706272359000,1,0,0,1,0
531334777,NULL,Alasdair Gebbe,gebbe.4627,1636818974,1726257111000,1,0,0,1,0
548402504,6386493528708731018,Callida Huygen,huygen.161,1664882741,1701797834000,0,0,0,1,0
518213130,NULL,Arnold Denver,denver.4765,1672139200,1699133144000,1,1,0,1,0
575205309,7136797967121156072,Jaimie Blyde,blyde.2422,1684262235,1717293375000,0,1,1,0,0
519647117,6945990739558979555,Callean Etteridge,etteridge.1080,1700110315,1726588201000,0,0,0,0,1
542042811,NULL,Wallis Hansana,hansana.1177,1693241304,1725939559000,1,1,0,1,0
505117570,NULL,Lisbeth Ashborn,ashborn.2251,1730864568,1715049785000,0,0,0,1,1
506887936,8173575280080230504,Mia Chimenti,chimenti.1252,1686973333,1725849394000,0,0,0,1,1
522657535,8885494475318141319,Hailee Sweetman,sweetman.612,1645574521,1717031560000,1,1,0,1,1
503561611,6064378698858616485,Melany Kealey,kealey.4237,1682159474,1706885703000,0,1,1,0,1
519633861,6919428264376419631,Sari Dewen,dewen.4050,1719236415,1705262694000,0,0,1,1,0
548738851,NULL,Jonathan Capeloff,capeloff.131,1706373007,1721461143000,1,1,0,1,1
558114283,3743466779820554460,Eden Balke,balke.3290,1685585380,1730361687000,0,1,1,1,0
524100302,NULL,Thedrick Brickstock,brickstock.4383,1656024083,1709745345000,1,0,0,0,0
595672824,NULL,Colin O''Shevlan,oshevlan.4451,1642105790,1705270082000,1,1,0,0,1
577095472,1675424123314545165,Rhody Fancourt,fancourt.4593,1645857605,1704577585000,0,1,1,1,1
550331420,4100273396676618335,Hewe Lindores,lindores.4595,1670431592,1722243312000,0,0,0,1,0
582353715,NULL,Raffaello Ivic,ivic.1509,1703800105,NULL,0,1,0,1,1
567894451,NULL,Ethelin Rosedale,rosedale.4793,1729070657,1712214151000,1,0,1,0,1
505422853,NULL,Finn Bann,bann.4296,1703985767,1727694206000,0,1,0,0,1
545916732,3475348910213874661,Alane O''Moylan,omoylan.4696,1641352816,1729140324000,1,1,1,1,1
577354727,NULL,Mel Kayes,kayes.2486,1723384196,1719189833000,0,1,0,1,0
504589140,5570806232041482408,Torey Wastall,wastall.2896,1650348520,NULL,0,0,0,1,0
576078380,8268765423311592086,Nickey Overil,overil.2897,1639992347,NULL,0,0,0,1,1
587233571,NULL,Nikita Stanford,stanford.3052,1699811239,1711633506000,1,0,1,1,1
536195189,4499237168207846297,Corbie Grundle,grundle.1463,1639693845,1714559212000,0,0,0,1,1
506123550,NULL,Fancy Bacop,bacop.1311,1724782212,1717226791000,1,0,1,0,1
590501441,2902354890910999203,Anette Kliner,kliner.1663,1674247843,1727682805000,1,0,1,0,0
548007446,4354615283536995221,Mandy Kalkofer,kalkofer.655,1723915361,1716478912000,0,1,0,0,0
500216243,4499667318106137522,Dita Baldacchino,baldacchino.277,1636559606,1724386425000,1,0,0,1,0
556229394,7389726778313875312,Harwell Pettingall,pettingall.1370,1664898501,1724705161000,1,0,0,0,1
583737210,1389575905251813566,Borden Bullock,bullock.4109,1727567767,1707798508000,1,1,1,1,1
597907997,7703248742991295997,Nathanael Mercik,mercik.406,1657530972,1728678746000,0,0,1,1,0
583081530,8625492255611197600,Judah Proske,proske.2334,1658233042,1722855617000,1,0,0,0,0
580181048,NULL,Stella Escott,escott.1060,1702657629,1716291349000,0,1,1,0,0
508400181,5699466316724710624,Pammy Challenger,challenger.1183,1687187062,1719604457000,1,1,0,0,0
567490064,4797417600721849158,Alice Trittam,trittam.1982,1670116462,1712335276000,0,0,0,0,0
521037943,NULL,Arlen Eberle,eberle.1257,1720491679,1701767090000,0,0,0,1,1
551702744,6518181428874081754,Marion McQueen,mcqueen.4345,1692462477,NULL,1,1,0,1,1
526190687,8154939233528847517,Bartolomeo Curnnok,curnnok.2537,1725719043,1703523986000,1,0,1,1,1
536642336,7098506238403614504,Marissa Orrin,orrin.3841,1677250749,1724567250000,1,0,1,1,0
590567631,5307951815319446496,Vonni Cannings,cannings.4079,1707279522,1702345576000,1,1,1,0,1
526381959,2381718679776401028,Avie Wintringham,wintringham.1569,1700859190,NULL,1,0,0,1,0
597200532,2109516606448908669,Dede Barnson,barnson.367,1714576549,1726432917000,1,0,1,1,0
534177464,NULL,Dene Tows,tows.525,1651607141,1717165874000,0,0,1,0,1
511520359,8203484843702772854,Sawyer Penreth,penreth.1684,1643871645,NULL,0,1,1,0,1
508010567,7579232405233492877,Beret Allmann,allmann.4089,1728240166,1716144065000,0,0,1,1,1
552261180,1510383465669862878,Jessey Skey,skey.2041,1696483303,1700061900000,0,1,0,1,1
594656969,NULL,Aarika Giacomelli,giacomelli.739,1711734581,NULL,0,0,1,0,0
559247609,NULL,Gratia Gerrie,gerrie.2863,1640183008,1728489121000,1,0,1,1,0
599123291,1521074232089805501,Toma Stobbe,stobbe.1118,1697680214,NULL,1,1,0,1,0
575585228,NULL,Mannie Casper,casper.4618,1642633397,1704086293000,0,1,0,0,0
535814995,5878165817469923042,Teriann Carletto,carletto.4714,1707217612,1712378303000,0,1,0,1,1
562081945,8457349583874015346,Micheline Saunter,saunter.1191,1669158268,1708680711000,0,1,1,1,1
520001178,3260034871391804222,Danie Van Oort,oort.4431,1725402051,NULL,1,0,1,1,1
572306186,2280547918322015339,Jillian Dyott,dyott.4081,1644826947,1714400513000,0,1,1,1,0
559999900,3727363837713966803,Abran Leakner,leakner.2075,1723496239,1719904755000,1,1,1,1,1
503877140,8479381357365886392,Malachi Bim,bim.4042,1696613285,NULL,1,1,1,0,0
581220469,3822767499060304003,Giuseppe Annon,annon.2927,1672753369,1706496814000,1,0,0,1,0
524135047,8690756474556169497,Evvy Woolrich,woolrich.3836,1701434870,1718854297000,0,0,1,0,1
520145112,4798050873812441328,Farrand Stoade,stoade.42,1685219668,1717109018000,0,0,1,1,0
577979340,NULL,Boonie Pakeman,pakeman.1167,1701188027,NULL,1,1,0,1,1
558696212,8138202014280213588,Amaleta Pittel,pittel.214,1703641583,1717482850000,0,1,0,1,0
547430314,3819435280758164816,Cybill Lenham,lenham.4002,1676686060,1707121620000,1,1,1,0,1
534528380,NULL,Rosetta O''Hagan,ohagan.416,1640815962,1717710279000,1,0,1,0,0
509205411,5789530454874799708,Ceciley Clissell,clissell.4460,1682475464,1723804074000,0,1,1,0,1
589064103,NULL,Randie Armor,armor.2557,1681567463,1706322528000,0,1,0,0,1
545524317,1400490322295275459,Rebe Daniello,daniello.553,1667099586,1720502998000,1,0,1,1,0
518840265,4376188498921252110,Devina Dundendale,dundendale.1548,1644897530,1708710742000,1,1,0,0,0
538996171,NULL,Junia Reach,reach.3971,1701831304,1717107378000,0,0,1,1,1
563568125,2237610143766501135,Nanon Binney,binney.2284,1711255060,NULL,1,0,1,1,1
526873274,8420531863568674521,Myrwyn Haskey,haskey.1077,1712589565,NULL,0,0,1,1,0
510022015,1790015137905686004,Zelig Varty,varty.3560,1653589511,NULL,0,1,0,0,1
576845380,8904891119920944473,Virgil Savins,savins.2513,1638176414,1713279408000,0,1,1,0,0
510053266,6675147727640732879,Hamilton Jaggs,jaggs.2785,1686356193,1707176959000,0,0,0,1,0
589299760,5975896905758374828,Antonin Symcoxe,symcoxe.4322,1685097207,NULL,0,1,1,0,0
503628408,NULL,Pren Hurley,hurley.747,1648979299,1722273784000,1,1,0,1,1
553340870,5160012392691159534,Olympia Lehr,lehr.4264,1710731960,1709451649000,1,1,0,0,0
551636608,NULL,Hephzibah Christmas,christmas.2924,1666893971,1707025546000,0,1,0,1,0
514856231,8565634833470364729,Mace Duff,duff.2952,1653170106,1704867777000,1,0,1,1,1
573432132,NULL,Tanya Grastye,grastye.1214,1706783610,1702890653000,0,1,1,0,1
578478741,NULL,Trudi Tellenbach,tellenbach.836,1704134847,1730391289000,1,1,0,0,0
523149973,NULL,Audie Lamonby,lamonby.89,1682487418,1712059419000,1,0,0,1,1
519048624,8145342294284426719,Misty Drew,drew.955,1718635193,1717113388000,1,1,1,0,0
567517331,NULL,Timothy Steers,steers.3154,1651175031,NULL,1,1,0,1,1
573209346,6958035946680041302,Isidoro Lehrer,lehrer.4070,1704535224,1728417825000,0,1,0,0,0
597473097,5978900203532069597,Timmy Meagher,meagher.1342,1710598507,NULL,1,0,1,1,1
502251724,3359189179620426764,Roanne Moretto,moretto.2998,1665748193,NULL,1,1,1,1,1
546474316,8722017552826344105,Dorice Markovich,markovich.3205,1673782060,NULL,0,0,0,0,0
526503041,NULL,Hatty Robertson,robertson.4492,1719861879,1721541395000,1,1,0,1,1
505263608,NULL,Saudra Somerville,somerville.2623,1702759039,1704586568000,0,0,0,0,0
533932604,3165478994752376305,Candida Stanworth,stanworth.2463,1683782196,1721148258000,1,1,1,1,0
514751111,8758108805143146060,Barbaraanne Volett,volett.2576,1676407224,NULL,1,0,1,0,0
593635390,1439031052126598586,Fransisco Paylor,paylor.3248,1707199855,1708074268000,1,1,1,0,1
573723762,2412624132955094702,Mae Medland,medland.1632,1681868794,NULL,0,0,1,0,0
580089992,NULL,Birch Halson,halson.1822,1717630842,1709071620000,1,1,1,1,0
515085121,NULL,Elna Tebbutt,tebbutt.2166,1662156346,1714079386000,0,0,1,0,1
569673605,2153766483742185469,Katina Harses,harses.3146,1687875909,1723819399000,0,0,0,0,0
533930399,NULL,Shirl McPake,mcpake.1618,1686095932,1730133011000,0,1,0,1,0
588417522,3597039485868282934,Johann Heatly,heatly.2760,1709350800,1729131369000,1,0,0,0,1
511729353,8223276498049356042,Starla Emmison,emmison.2685,1637531921,1719844559000,1,1,1,1,0
523041048,NULL,Blaire Mather,mather.1700,1712230418,NULL,1,0,0,1,1
587752926,NULL,Alanah Staresmeare,staresmeare.16,1714819325,NULL,1,0,1,0,0
503961892,2579438423064845079,Harwilll Hasel,hasel.2914,1699441464,1707963691000,1,0,0,1,1
568571208,NULL,Piper Passman,passman.1746,1685130158,NULL,0,0,1,0,0
599943000,3730226272817375062,Leigh Sparshatt,sparshatt.489,1688856719,1720359448000,0,1,0,1,0
594114641,NULL,Lonee Scawen,scawen.3058,1723473182,1711581646000,1,0,0,0,0
547672270,3705369583403513220,Robert Naulls,naulls.2877,1712615159,1723210320000,0,0,0,0,0
510173608,NULL,Lynnett Kington,kington.3537,1669097948,NULL,0,0,0,0,1
515281349,7547664498046158216,Sydel Dunderdale,dunderdale.999,1685147106,NULL,1,1,1,1,1
504132373,NULL,Filide Beakes,beakes.1706,1671639649,NULL,1,0,0,1,1
501937766,5950123971989866332,Eada Holberry,holberry.3713,1706385853,1714585725000,1,0,1,0,0
581300245,NULL,Ban Phillimore,phillimore.390,1728001600,1712050932000,1,1,0,1,1
599832865,NULL,Helli Scay,scay.1575,1692755525,1710963733000,1,0,1,1,1
587768600,4423544315268233639,Veronique Alwen,alwen.154,1706310444,1713245520000,1,1,0,1,1
543977730,5348351961346827275,Tresa Francesconi,francesconi.1401,1692290264,NULL,1,0,0,0,1
591095440,5489388903709650215,Didi Cargen,cargen.3403,1710215836,1717544764000,0,0,0,1,1
584629090,3923271205026070699,Cobb Basden,basden.4692,1723867069,1716551012000,1,0,0,0,0
591615373,8096514390737836405,Iris Readie,readie.408,1686226608,NULL,1,1,1,1,1
560563657,3377025981927202991,Bendicty Stout,stout.100,1647230144,1724016845000,1,1,1,0,1
534974383,8832654212315832023,Tait Windas,windas.382,1714281492,NULL,1,1,1,1,1
546495605,NULL,Dario Ledwitch,ledwitch.3082,1727650562,1726820152000,0,1,1,1,0
577989865,8119920762739453634,Lief Hallwell,hallwell.1028,1725060626,NULL,0,0,1,1,0
549524927,1156910817278213502,Benita Souter,souter.4447,1648093637,1700266483000,0,1,0,0,0
507280547,NULL,Phyllis Parkes,parkes.4992,1695873927,NULL,0,1,1,1,0
551818100,4400533830306316491,Adore La Torre,torre.449,1702164623,NULL,1,0,1,0,1
513706839,4639375894130690835,Myrlene Geri,geri.2633,1680352638,1720085208000,1,0,1,1,0
530563439,6508714401621133967,Charo Ragge,ragge.228,1662900935,1701063296000,1,1,0,1,1
563034690,2637685807476164042,Jean Corker,corker.363,1690783991,NULL,0,1,1,1,0
587748492,3598538335758051674,Candace Stent,stent.1682,1728615509,1728854234000,1,1,0,1,1
541627991,NULL,Karlik Wheelan,wheelan.10,1657657234,NULL,1,0,0,0,0
504068342,8546121059758280319,Francyne Sakins,sakins.803,1709038414,NULL,1,0,0,0,1
545982992,NULL,Zelda Don,don.1842,1658166908,NULL,0,1,0,1,1
553743714,4382292925747985875,Tess Linnemann,linnemann.896,1640965641,1712054574000,0,1,1,0,1
555445858,NULL,Nessi Stockman,stockman.4905,1639121363,NULL,0,1,1,0,0
501825922,3447650580508509549,Essie Littlechild,littlechild.2499,1724667209,1706499887000,0,1,1,1,1
547627971,8914278367259035189,Boycie O''Keeffe,okeeffe.4266,1727650740,1705767981000,1,0,0,0,0
540138515,NULL,Bay Pina,pina.3355,1638449271,1712842184000,0,1,0,1,1
532456447,NULL,Umberto Wayper,wayper.2220,1649289792,1707113191000,1,0,0,1,1
506796620,7380998389876235730,Monte Dyerson,dyerson.3276,1637279668,1706546048000,1,0,1,0,1
556687523,3977393439856382433,Mac Daglish,daglish.4924,1662498087,NULL,1,1,0,0,0
529877319,8105018626835438096,Bonnibelle Shirland,shirland.2078,1689835632,1724194990000,1,0,0,1,1
547306389,NULL,L;urette Whieldon,whieldon.2589,1642431995,1701166923000,1,0,1,1,1
503468909,8070072220091055720,Tedd Mahody,mahody.3930,1698318561,1725199085000,0,1,0,1,0
542426569,NULL,Wes Carine,carine.2925,1663505927,NULL,1,1,1,1,0
534418536,NULL,Charissa Swanton,swanton.3868,1720475472,1724958328000,0,1,0,1,0
513089468,7707472796863436036,Thayne Marklow,marklow.693,1707473058,1729216360000,1,0,1,1,0
504579256,NULL,Cherianne Blissett,blissett.440,1657112938,1705624074000,0,0,0,0,1
581207464,5598440147970393950,Alistair Kelcey,kelcey.4882,1726738440,1715624072000,0,1,0,1,1
570400262,3392842214418710878,Clare Farlambe,farlambe.652,1673230920,1717833773000,1,0,0,1,0
503364200,4339456514869673731,Zak Aspinal,aspinal.548,1672959513,NULL,0,1,0,0,1
576548956,NULL,Barbee Trice,trice.638,1645298434,NULL,0,0,1,0,1
599911691,NULL,Kimbra Dabrowski,dabrowski.4042,1706596817,1707207982000,0,1,1,0,1
521703795,5294688550566727164,Ronica St. Hill,hill.2587,1668271258,NULL,0,1,1,1,1
567958974,4761944929209941447,Phyllida MacCallester,maccallester.4207,1704316396,NULL,1,0,1,0,0
543795840,NULL,Ganny Mandy,mandy.2425,1709447325,NULL,1,1,0,0,0
569488459,NULL,Moreen Woodham,woodham.3483,1698877554,1722739651000,0,1,1,0,1
503672906,8966975771331621352,Fernando Winks,winks.3842,1728198228,1706875717000,1,1,0,0,0
512547985,5060261277519710914,Jasun Lawling,lawling.4097,1681082523,1711426187000,1,0,0,0,0
591214192,5274445703156942439,Valentino Hendren,hendren.4268,1725393911,1711851156000,1,0,1,1,1
534442135,3320154462569900738,Jobyna Ploughwright,ploughwright.4053,1640864622,NULL,0,1,0,1,1
511509922,NULL,Josephine Crich,crich.2577,1671448767,1725690385000,0,0,1,1,1
570581890,NULL,Dottie Cressingham,cressingham.1447,1647121844,NULL,0,1,1,1,0
533928302,4922996551709148508,Annemarie Tankard,tankard.1945,1729995391,1700150137000,1,0,0,1,0
523972842,5194108147176597995,Annabelle Thys,thys.1687,1661125760,NULL,0,1,0,1,0
564570982,4301210773444445504,Denis Beldon,beldon.354,1648200936,1726597274000,0,0,1,0,0
545589845,NULL,Rae Grim,grim.4481,1693938452,1723319421000,1,0,0,0,0
505193735,8646124616153067420,Allayne Oland,oland.3783,1696535431,1727154576000,1,0,1,1,1
536002384,NULL,Lucille Seman,seman.2637,1647286651,1699902269000,1,0,0,0,0
537453292,4244801596763781262,Tyler Littrik,littrik.517,1668946027,NULL,1,1,0,1,1
539911045,NULL,Rhett Sarfas,sarfas.137,1692160872,NULL,1,1,1,1,0
576401984,NULL,Isabelita Whyborn,whyborn.350,1706556933,1730013338000,0,1,1,0,1
548784434,NULL,Lanna Brookwood,brookwood.518,1705252599,1724255973000,0,0,0,0,1
577609394,NULL,Rancell De la Eglise,eglise.3769,1637566992,1715525916000,1,1,0,0,0
544478708,NULL,Grady Ghidelli,ghidelli.3572,1719267141,1718174948000,0,0,1,1,0
551836300,2298461491807250871,Agustin Arthars,arthars.2547,1726215071,1724058435000,0,0,0,0,1
568008389,6941619865029464098,Hort Frazer,frazer.2793,1726044129,1705795507000,0,1,1,1,1
501792887,2704828167000327373,Margette Spinola,spinola.1343,1685954850,1703849054000,1,0,0,1,1
513877892,5398095925825046435,Richart Naile,naile.4292,1681226139,1710708026000,0,1,1,1,0
588511115,7460647308670723865,Rhys Ruddell,ruddell.4160,1709008617,1712742131000,0,1,1,0,0
532674741,5024370326453813070,Rois Presnail,presnail.2172,1729467358,1701921307000,0,1,0,1,1
509015787,NULL,Nate Gladding,gladding.2297,1707677628,1714315080000,1,0,0,0,1
528627698,NULL,Jedidiah Spera,spera.1777,1639700115,1708617186000,1,0,0,1,0
576829008,1268545668975441436,Benjamen Fawkes,fawkes.3737,1654924690,1718848975000,0,1,1,0,1
574501680,NULL,Cindra Jellico,jellico.2518,1699176023,1700249519000,0,0,0,1,0
515947142,5614504587396879642,Thebault Lunam,lunam.2767,1721059810,1706895973000,0,0,1,0,1
519380366,8378247154666548400,Ava Gauntley,gauntley.4836,1729191584,1709289729000,1,1,0,1,0
566026194,NULL,Winnah Colby,colby.1878,1705957493,1717147540000,1,0,1,1,1
508216934,4622806717387499978,Parsifal Howieson,howieson.4151,1685047073,1727325008000,1,0,0,0,1
502641261,5363920074187452257,Kathy Rewan,rewan.4896,1682548075,1716476664000,1,0,0,0,0
581154400,NULL,Alethea McGraffin,mcgraffin.2598,1701237738,1723431054000,0,0,1,1,0
532911266,NULL,Carolyn Pickrell,pickrell.3032,1677456219,1715046601000,1,1,1,1,0
591912908,5624966100243461807,Garik Marxsen,marxsen.1920,1648932174,1706145389000,0,0,0,1,0
557249945,7531558831166398919,Eddie Bordessa,bordessa.1498,1722260284,1700746207000,0,0,1,0,1
505885712,6395908647774437494,Haleigh Laffranconi,laffranconi.3185,1649696090,1706303833000,0,0,0,0,1
536734726,3452841268080414644,Malvina Kellart,kellart.4075,1728533002,1718528349000,1,0,0,1,0
578864089,NULL,Costanza Luckcuck,luckcuck.3234,1702411332,1700059660000,0,1,1,0,1
506649253,NULL,Rosette Tewnion,tewnion.4745,1684397921,1707208799000,0,0,0,0,1
575183467,6994173379051913576,Abner Mcimmie,mcimmie.1050,1681585916,NULL,0,1,1,1,0
574218333,1451610625309950774,Adrian Mc Kellen,kellen.1101,1638993821,1699402002000,0,1,1,1,1
559911528,3628695942588649667,Rheba Britney,britney.3917,1675987968,NULL,1,1,1,1,1
567921272,1258772995082764721,Germain Neale,neale.1212,1726892573,1725756603000,0,0,0,1,1
528656892,5378164666012732185,Myrle McPaike,mcpaike.3648,1689609245,1719029120000,1,1,1,0,1
513614819,8431664472505123222,Rowland Durbridge,durbridge.4644,1692523864,NULL,0,1,0,0,0
568606419,3739049909485596518,Neville Ebdon,ebdon.2318,1661836256,1727073538000,1,0,0,0,1
533165258,1109470231494466833,Marley Whittington,whittington.3877,1658606853,NULL,1,0,0,1,1
505421239,NULL,Aldwin Stegers,stegers.4103,1704288252,1710919884000,0,0,0,1,0
580812924,NULL,Heidi Gooders,gooders.2787,1688183601,1715073774000,1,0,1,0,1
582677014,1439786951972212960,Hamnet Sendley,sendley.1691,1676837555,1717063222000,0,0,0,0,0
574344388,NULL,Fionna Treadgold,treadgold.1416,1721303502,1705904673000,1,0,1,0,0
544430312,NULL,Diana Knappitt,knappitt.2285,1691122281,NULL,1,0,1,0,0
588914340,NULL,Idaline Kubista,kubista.4893,1662350202,1712933210000,0,0,1,0,0
523391118,7169206461234262010,Jocelyn Louiset,louiset.4493,1691586796,1698870879000,0,0,1,0,1
508347727,1190770308314507001,Rosmunda Bullimore,bullimore.1489,1725447822,1728607285000,0,1,1,1,1
517908517,5315264903175334354,Esme Haly,haly.4369,1691424709,1710214663000,1,1,1,1,1
595682320,NULL,Benedicta Ainley,ainley.4584,1708699310,1725880960000,1,1,1,0,1
530321876,2303583699118920918,Wallas Glaze,glaze.1621,1721360355,1706628136000,0,1,1,0,1
502995782,7218913620082118965,Bel Fumagallo,fumagallo.4964,1657211094,1709147333000,1,1,0,0,0
574570638,NULL,Joane Paxman,paxman.1423,1644560377,NULL,0,1,0,1,0
552871023,NULL,Leelah Lennarde,lennarde.4325,1702026515,1708994164000,1,1,0,0,1
532127403,1770147639716296307,Nealon Fibbens,fibbens.4102,1650393372,1710837225000,0,1,0,1,1
509092368,6208209946876720632,Chic Laneham,laneham.2013,1651570376,1727190817000,1,1,0,1,1
553000930,NULL,Joice Pavlovsky,pavlovsky.4159,1672508444,1713549140000,0,0,0,1,0
531921892,4230179062095840243,Padgett Chesson,chesson.4233,1682083740,1725544054000,0,1,0,1,0
566281743,8419763515995392246,Jeramey Pestricke,pestricke.228,1665179754,1714370931000,1,1,0,0,1
597990408,6202904136503619263,Melvin Stratley,stratley.4039,1652847300,NULL,0,0,1,0,0
515385788,NULL,Dorette Giacovetti,giacovetti.78,1658971233,1710483741000,1,1,0,1,1
515121339,8337426406368973594,Alyda Pittem,pittem.998,1695455151,1718472942000,1,1,1,1,0
595666436,NULL,Isabelita Leneham,leneham.1236,1691007156,1711024235000,0,0,1,1,1
579459173,NULL,Svend Janic,janic.1659,1667371355,1705171371000,0,0,0,1,1
501632424,NULL,Griff Niesegen,niesegen.1276,1642598330,1705825514000,0,1,0,0,0
526704458,NULL,Norman Kebell,kebell.3268,1717995985,1702700840000,0,0,1,1,1
578245576,NULL,Arabella Rubury,rubury.799,1685627843,1703981191000,0,1,0,1,1
535798415,6562863834859872979,Kale Try,try.3090,1680186964,1704368284000,1,0,1,0,1
511289620,6011042896412532152,Margarette Gosswell,gosswell.4917,1713345183,1714947196000,1,0,0,0,0
501012853,1111367666938065732,Cristian Clemanceau,clemanceau.1093,1726520329,1728606806000,1,1,0,0,0
523723820,5455006174239489902,Wallas Rosenwasser,rosenwasser.4146,1659276928,1715404371000,1,0,0,1,1
581781025,NULL,Ines Goodredge,goodredge.4114,1677489463,1727564129000,0,0,0,1,1
564085986,NULL,Alyson Vargas,vargas.4934,1698338274,1726252433000,1,1,0,1,0
585402143,NULL,Frederico Enriquez,enriquez.4115,1659180113,1704744957000,0,1,1,0,0
516046577,4184350384073477995,Catlaina MacDonough,macdonough.3167,1728563960,1707924272000,0,0,1,1,0
592225302,NULL,Kelby Pennone,pennone.2786,1701686730,NULL,0,0,0,1,1
592225714,2455652877865926857,Merv Tithacott,tithacott.1352,1646422832,1714033437000,0,1,0,1,0
527664919,NULL,Aguie Crut,crut.2700,1710670318,1707365966000,1,1,0,1,0
546163067,4645795714880682900,Tawsha Lafontaine,lafontaine.558,1728147108,1705472666000,1,0,1,0,0
554914184,3170012296456972268,Sallie Drury,drury.961,1691790758,1724795145000,0,1,1,1,0
580019048,7286929906164677787,Gustie Dahlman,dahlman.3408,1650721494,1718128936000,0,1,0,1,0
569678531,6673833967409653598,Roderick Shillabear,shillabear.3689,1640266503,1718805838000,1,1,0,0,1
521016302,NULL,Haily Partleton,partleton.3194,1693978251,1700991339000,0,1,0,1,0
573826592,NULL,Roland Lowbridge,lowbridge.2721,1714033155,NULL,1,1,1,0,1
569842564,8183656147139866365,Jena Shilvock,shilvock.3365,1650232477,1729552801000,0,1,0,1,1
525119038,NULL,Rickie Cheetam,cheetam.4576,1668153824,1724918711000,0,1,0,1,0
506436165,6536698969953349102,Brook Andreu,andreu.3878,1697190338,1724785684000,0,1,1,1,0
533335732,NULL,Gale Biggins,biggins.3347,1642958894,1729017271000,1,1,0,0,1
